borrower_id,ssn,first_name,last_name,email,address,city,state,phone
000001,850-47-3740,Mark,Morgan,mmorgan0@g.co,5677 Coolidge Street,Plano,TX,(469) 904-1438
000002,256-95-4382,Eric,Warren,ewarren1@ed.gov,9062 Schurz Drive,Dallas,TX,(214) 701-8127
000003,256-51-5268,Robert,Harper,rharper2@angelfire.com,7786 Sachs Place,Plano,TX,(214) 875-5911
000004,976-95-2914,Donna,Franklin,dfranklin3@alexa.com,3 Magdeline Terrace,Plano,TX,(214) 800-6127
000005,906-63-3588,Linda,King,lking4@illinois.edu,41260 Kedzie Terrace,Dallas,TX,(469) 213-2549
000006,206-26-7141,Judy,Holmes,jholmes5@github.io,6583 Manitowish Hill,Dallas,TX,(972) 898-5909
000007,898-61-3567,Deborah,Lawrence,dlawrence6@chicagotribune.com,2 Hermina Trail,Dallas,TX,(972) 900-2951
000008,644-25-0492,Adam,Johnston,ajohnston7@is.gd,05671 Norway Maple Court,Dallas,TX,(469) 743-0176
000009,678-12-4697,Pamela,Carr,pcarr8@stumbleupon.com,1848 Fordem Avenue,Richardson,TX,(972) 247-9852
000010,562-33-7951,Daniel,Fisher,dfisher9@liveinternet.ru,400 Cody Lane,Plano,TX,(214) 891-7743
000011,441-90-7753,Stephen,Fields,sfieldsa@sphinn.com,99 Fair Oaks Drive,Plano,TX,(214) 801-3069
000012,305-53-3736,Walter,Ferguson,wfergusonb@jalbum.net,814 Sutteridge Point,Dallas,TX,(469) 945-8172
000013,634-61-6311,Paul,Cook,pcookc@blogtalkradio.com,58295 Pierstorff Pass,Richardson,TX,(469) 932-0168
000014,661-24-6360,Roy,Smith,rsmithd@csmonitor.com,563 Fairview Park,Dallas,TX,(214) 911-4724
000015,350-83-8412,Michelle,Gardner,mgardnere@wordpress.org,28309 Paget Court,Plano,TX,(469) 974-2681
000016,439-75-5475,George,Powell,gpowellf@scribd.com,31 Clove Crossing,Dallas,TX,(972) 885-7291
000017,431-61-5822,Nicholas,Hudson,nhudsong@uol.com.br,29 Esker Trail,Dallas,TX,(469) 698-4000
000018,879-82-7179,Linda,Henderson,lhendersonh@mayoclinic.com,117 Katie Center,Dallas,TX,(469) 997-0832
000019,484-96-1826,Gregory,Fowler,gfowleri@foxnews.com,42454 Hermina Plaza,Dallas,TX,(214) 936-8301
000020,562-52-7080,Carol,Sanders,csandersj@usda.gov,99600 Moland Way,Dallas,TX,(214) 762-1061
000021,876-61-5170,Mark,Hamilton,mhamiltonk@deliciousdays.com,76425 Dixon Hill,Dallas,TX,(972) 802-7903
000022,139-71-1123,Anthony,Brown,abrownl@rakuten.co.jp,8691 Walton Terrace,Dallas,TX,(972) 947-3376
000023,239-16-6210,James,Rivera,jriveram@comsenz.com,4 Golden Leaf Trail,Dallas,TX,(214) 761-8129
000024,283-06-7717,Tammy,Cole,tcolen@toplist.cz,22 Atwood Parkway,Dallas,TX,(469) 292-1882
000025,371-60-9878,Donald,Bowman,dbowmano@goo.gl,196 Golf View Terrace,Dallas,TX,(214) 956-6083
000026,438-78-7652,Susan,Gomez,sgomezp@economist.com,601 Warbler Point,Richardson,TX,(972) 877-1341
000027,893-37-1519,Juan,Martin,jmartinq@craigslist.org,846 Johnson Circle,Dallas,TX,(214) 828-5694
000028,434-92-5388,Samuel,Bailey,sbaileyr@indiegogo.com,1367 Northport Drive,Dallas,TX,(972) 972-2250
000029,444-50-9807,Paul,White,pwhites@fc2.com,24775 Melvin Place,Dallas,TX,(469) 459-4087
000030,557-41-0386,Gregory,Clark,gclarkt@bloglines.com,259 Porter Avenue,Dallas,TX,(972) 979-5771
000031,123-99-1439,Steven,Wood,swoodu@shareasale.com,852 Darwin Alley,Dallas,TX,(214) 984-2801
000032,507-26-2481,Jessica,Fuller,jfullerv@bloglovin.com,975 Carpenter Parkway,Dallas,TX,(972) 956-5055
000033,258-33-5117,Donna,Greene,dgreenew@fema.gov,86 Delladonna Lane,Dallas,TX,(469) 969-6535
000034,876-94-4518,Edward,Ford,efordx@dropbox.com,34 Fulton Circle,Dallas,TX,(214) 869-1555
000035,153-20-8011,Steve,Torres,storresy@theguardian.com,781 Loeprich Alley,Dallas,TX,(469) 964-7789
000036,881-79-3670,Alice,Rivera,ariveraz@nasa.gov,79 Dayton Center,Dallas,TX,(214) 841-3416
000037,878-61-5560,Jessica,Freeman,jfreeman10@devhub.com,27997 Loftsgordon Lane,Dallas,TX,(214) 835-4205
000038,728-84-4113,Kenneth,Harrison,kharrison11@sitemeter.com,25074 Holmberg Park,Richardson,TX,(972) 774-1504
000039,792-17-4540,Betty,Austin,baustin12@nature.com,4 Schmedeman Terrace,Dallas,TX,(972) 927-7561
000040,433-05-3698,Irene,Gonzalez,igonzalez13@boston.com,820 Oxford Crossing,Dallas,TX,(214) 865-5203
000041,132-21-3747,Charles,Foster,cfoster14@mtv.com,850 Summerview Crossing,Dallas,TX,(469) 910-6688
000042,457-93-9804,Gregory,Perez,gperez15@myspace.com,57 Bluejay Pass,Dallas,TX,(972) 433-8549
000043,906-16-1095,Jose,Stone,jstone16@nhs.uk,93 Waywood Parkway,Dallas,TX,(972) 991-8017
000044,882-36-6316,Patrick,Moore,pmoore17@baidu.com,78 Crest Line Road,Dallas,TX,(214) 950-2446
000045,728-96-3473,Louis,Lynch,llynch18@zimbio.com,12197 Kinsman Center,Dallas,TX,(469) 820-4208
000046,377-44-1238,Matthew,Snyder,msnyder19@google.com.au,169 Mayfield Park,Richardson,TX,(469) 855-5018
000047,582-62-7069,Sara,Wagner,swagner1a@addtoany.com,24827 Twin Pines Junction,Richardson,TX,(469) 914-5869
000048,577-82-2947,Louise,Long,llong1b@gov.uk,6 Haas Center,Dallas,TX,(214) 939-0517
000049,216-53-6968,Judy,Hamilton,jhamilton1c@domainmarket.com,65364 Mosinee Center,Dallas,TX,(972) 847-2849
000050,202-40-3427,Evelyn,Young,eyoung1d@java.com,4788 South Street,Dallas,TX,(214) 864-9776
000051,897-56-8517,James,Moore,jmoore1e@wix.com,9089 Lunder Parkway,Dallas,TX,(469) 830-4056
000052,923-84-7867,Clarence,Romero,cromero1f@tumblr.com,68501 Michigan Street,Plano,TX,(972) 982-1803
000053,539-63-0143,Jennifer,Smith,jsmith1g@opensource.org,3 Cordelia Terrace,Dallas,TX,(469) 963-5598
000054,636-25-1591,Jack,Baker,jbaker1h@sina.com.cn,01441 Eastlawn Place,Dallas,TX,(972) 909-1277
000055,622-93-5915,Amy,Nguyen,anguyen1i@usa.gov,79 Rigney Circle,Dallas,TX,(214) 905-2261
000056,823-00-8890,Maria,Stevens,mstevens1j@tiny.cc,5348 David Point,Plano,TX,(972) 992-5831
000057,534-07-7079,Teresa,Carpenter,tcarpenter1k@angelfire.com,6280 Spenser Lane,Dallas,TX,(972) 908-2593
000058,203-68-8563,Roy,Arnold,rarnold1l@samsung.com,7548 Dunning Junction,Richardson,TX,(214) 990-9053
000059,457-75-1314,Randy,Stewart,rstewart1m@telegraph.co.uk,5004 Emmet Park,Dallas,TX,(469) 422-2991
000060,524-73-0400,Brenda,Fernandez,bfernandez1n@upenn.edu,335 Forster Alley,Dallas,TX,(214) 920-6944
000061,344-66-8375,Janet,Thompson,jthompson1o@cbslocal.com,1 Chinook Place,Plano,TX,(972) 986-8081
000062,716-55-3314,Billy,Ortiz,bortiz1p@privacy.gov.au,4 Hintze Court,Dallas,TX,(469) 808-1346
000063,869-29-5873,Edward,Hawkins,ehawkins1q@wix.com,96231 Northland Plaza,Dallas,TX,(972) 798-3752
000064,218-81-6261,Mark,Morgan,mmorgan1r@ed.gov,5 Miller Lane,Dallas,TX,(469) 784-6546
000065,913-50-1956,Carolyn,Morgan,cmorgan1s@dedecms.com,975 Golf View Place,Dallas,TX,(469) 674-8726
000066,749-40-8693,Tina,Weaver,tweaver1t@zdnet.com,5414 Green Ridge Street,Dallas,TX,(469) 840-0879
000067,992-92-6136,Eric,Taylor,etaylor1u@mozilla.org,6 Fisk Pass,Dallas,TX,(214) 714-7652
000068,378-07-1662,Ruth,Henry,rhenry1v@behance.net,84 Hermina Street,Dallas,TX,(972) 934-2054
000069,388-44-9990,Phillip,Perkins,pperkins1w@ezinearticles.com,84771 Bartelt Trail,Dallas,TX,(214) 917-4226
000070,288-23-0361,Annie,Welch,awelch1x@ftc.gov,80 Stuart Road,Dallas,TX,(972) 516-1320
000071,509-44-1761,Lois,Hunter,lhunter1y@vimeo.com,49 Blaine Lane,Plano,TX,(972) 809-1141
000072,704-79-5907,Lisa,Cook,lcook1z@netscape.com,4412 Lakewood Gardens Plaza,Richardson,TX,(972) 653-9871
000073,948-30-8402,Kathleen,Harvey,kharvey20@foxnews.com,13 Grayhawk Hill,Dallas,TX,(469) 547-7753
000074,651-57-6305,Diane,Stevens,dstevens21@home.pl,0091 American Circle,Dallas,TX,(469) 942-1364
000075,908-63-2676,Samuel,Young,syoung22@pcworld.com,0157 Holmberg Street,Richardson,TX,(469) 918-5729
000076,727-25-3782,Mark,Riley,mriley23@theglobeandmail.com,4900 Thompson Court,Dallas,TX,(972) 767-2036
000077,775-32-5935,Bonnie,Ross,bross24@discovery.com,0 Walton Court,Richardson,TX,(972) 766-6908
000078,402-35-0549,Elizabeth,Arnold,earnold25@bloglovin.com,952 Sage Pass,Dallas,TX,(214) 967-2424
000079,270-86-6950,John,Walker,jwalker26@fastcompany.com,2 Packers Crossing,Dallas,TX,(469) 796-5094
000080,982-11-9636,William,Simmons,wsimmons27@webeden.co.uk,1232 Hayes Crossing,Dallas,TX,(972) 903-7706
000081,757-38-5276,Lisa,Kelley,lkelley28@storify.com,3718 Twin Pines Way,Dallas,TX,(972) 900-0487
000082,980-24-2372,Carl,Larson,clarson29@sohu.com,096 Goodland Parkway,Dallas,TX,(469) 550-2228
000083,444-73-4007,Brandon,Anderson,banderson2a@cargocollective.com,8 Leroy Circle,Dallas,TX,(469) 993-9270
000084,278-33-4174,Gloria,Myers,gmyers2b@wufoo.com,03 Elmside Center,Plano,TX,(469) 853-3967
000085,772-25-9640,Daniel,Freeman,dfreeman2c@dell.com,9584 Elka Place,Dallas,TX,(972) 769-9270
000086,232-98-4647,Judith,Mitchell,jmitchell2d@vimeo.com,2506 Merchant Terrace,Dallas,TX,(972) 902-9669
000087,937-38-5159,Alan,King,aking2e@meetup.com,958 Burrows Street,Dallas,TX,(214) 583-5636
000088,327-80-3166,Steve,Phillips,sphillips2f@reverbnation.com,45557 Jana Court,Dallas,TX,(972) 937-9620
000089,405-92-7423,Brenda,Butler,bbutler2g@google.com.br,5 Calypso Avenue,Dallas,TX,(972) 892-6177
000090,133-37-8900,Patricia,Spencer,pspencer2h@psu.edu,65143 Union Lane,Dallas,TX,(214) 909-9264
000091,227-64-6193,Larry,Olson,lolson2i@cargocollective.com,50299 Lien Parkway,Dallas,TX,(972) 965-7073
000092,272-41-6460,Victor,Sullivan,vsullivan2j@yahoo.com,272 Milwaukee Point,Plano,TX,(972) 759-4852
000093,318-95-0284,Kathryn,Taylor,ktaylor2k@weather.com,2952 Thackeray Point,Dallas,TX,(214) 862-0958
000094,729-22-8562,Rachel,Little,rlittle2l@histats.com,755 Kropf Pass,Dallas,TX,(972) 797-7226
000095,783-54-9793,Donald,Richardson,drichardson2m@sun.com,951 Chive Avenue,Dallas,TX,(972) 934-6450
000096,131-52-5777,Stephen,Chapman,schapman2n@techcrunch.com,0 Lunder Alley,Dallas,TX,(214) 987-1376
000097,335-18-5473,Harold,Richardson,hrichardson2o@t-online.de,76743 Burrows Court,Dallas,TX,(469) 899-1924
000098,933-15-2171,Ernest,Palmer,epalmer2p@360.cn,6 Upham Drive,Dallas,TX,(972) 942-2638
000099,595-38-3883,Pamela,Matthews,pmatthews2q@ustream.tv,2 Green Lane,Dallas,TX,(214) 944-0666
000100,808-44-7643,Jason,Campbell,jcampbell2r@mozilla.com,6 Raven Court,Dallas,TX,(972) 811-4885
000101,924-16-0243,Joyce,Fuller,jfuller2s@theguardian.com,45900 Iowa Way,Dallas,TX,(469) 906-3524
000102,348-53-9608,Andrea,Bailey,abailey2t@squidoo.com,33 Cardinal Alley,Richardson,TX,(972) 846-5566
000103,379-16-0722,Denise,Perry,dperry2u@google.es,68 Old Shore Lane,Dallas,TX,(214) 991-3418
000104,997-92-4787,Michael,Jacobs,mjacobs2v@themeforest.net,0 Brentwood Place,Richardson,TX,(469) 924-9727
000105,664-95-5489,Catherine,Reid,creid2w@ezinearticles.com,41544 Anniversary Crossing,Plano,TX,(214) 948-8236
000106,424-12-2851,Aaron,Romero,aromero2x@cam.ac.uk,844 Union Way,Dallas,TX,(972) 535-5154
000107,295-19-3279,John,Warren,jwarren2y@sciencedirect.com,9127 Farragut Center,Dallas,TX,(469) 923-5725
000108,806-92-2733,Steve,Garrett,sgarrett2z@google.nl,729 Kenwood Court,Richardson,TX,(214) 703-1311
000109,466-92-6624,Jimmy,Ellis,jellis30@deliciousdays.com,8 Nevada Place,Dallas,TX,(972) 742-8738
000110,454-64-8101,Jose,Perez,jperez31@webmd.com,4463 Commercial Circle,Richardson,TX,(469) 852-3133
000111,909-18-6864,Katherine,Dean,kdean32@nature.com,4978 Cordelia Way,Dallas,TX,(972) 886-7232
000112,203-54-9198,Ashley,Jackson,ajackson33@whitehouse.gov,676 David Road,Dallas,TX,(469) 976-0450
000113,177-45-8737,Kathryn,Hart,khart34@imdb.com,29 Dexter Circle,Dallas,TX,(972) 900-3590
000114,279-96-6074,Dennis,Ruiz,druiz35@nymag.com,18784 Browning Circle,Dallas,TX,(972) 974-1505
000115,561-91-3511,Sharon,Cox,scox36@upenn.edu,4 Hoffman Street,Dallas,TX,(214) 915-0820
000116,325-12-4236,Ruby,Burke,rburke37@nytimes.com,5 Swallow Avenue,Dallas,TX,(972) 928-8965
000117,537-25-0563,Jerry,Stewart,jstewart38@aboutads.info,54494 Kenwood Trail,Dallas,TX,(469) 817-5662
000118,508-36-5238,Howard,Fisher,hfisher39@wisc.edu,2 Reinke Lane,Plano,TX,(972) 325-6683
000119,663-89-7131,Eric,Phillips,ephillips3a@telegraph.co.uk,578 Westend Pass,Dallas,TX,(972) 893-0831
000120,582-89-0521,Albert,Cruz,acruz3b@google.co.uk,04 Shopko Way,Dallas,TX,(972) 471-4420
000121,112-24-4907,Timothy,Harrison,tharrison3c@posterous.com,04099 Anhalt Place,Dallas,TX,(214) 849-7879
000122,593-24-8597,Ronald,Phillips,rphillips3d@ox.ac.uk,4632 Brentwood Hill,Dallas,TX,(469) 945-4638
000123,152-06-9743,Antonio,Bishop,abishop3e@google.com,212 Memorial Lane,Richardson,TX,(469) 835-8047
000124,917-73-0651,Howard,Green,hgreen3f@dyndns.org,9 Florence Trail,Dallas,TX,(214) 875-8195
000125,550-66-4068,Willie,Murphy,wmurphy3g@technorati.com,09 Loeprich Parkway,Richardson,TX,(214) 954-5495
000126,151-32-0622,Christine,Washington,cwashington3h@goo.gl,95086 Eliot Alley,Dallas,TX,(469) 844-5383
000127,363-52-9311,Angela,Ellis,aellis3i@irs.gov,61 Chinook Avenue,Dallas,TX,(469) 912-7557
000128,498-97-9543,Kathy,Wagner,kwagner3j@alibaba.com,1 Columbus Crossing,Plano,TX,(214) 958-2980
000129,109-59-3700,Antonio,Carr,acarr3k@livejournal.com,6996 Arizona Avenue,Dallas,TX,(469) 724-0803
000130,919-11-7074,Samuel,Ellis,sellis3l@domainmarket.com,69968 Meadow Ridge Alley,Dallas,TX,(469) 957-8249
000131,532-19-3189,Bruce,Williamson,bwilliamson3m@fc2.com,51 Maywood Place,Richardson,TX,(214) 969-6651
000132,186-61-2257,Ruby,Mcdonald,rmcdonald3n@qq.com,031 Ohio Lane,Dallas,TX,(214) 970-5621
000133,758-82-0981,Jack,Larson,jlarson3o@sourceforge.net,43086 Dexter Way,Dallas,TX,(469) 913-6292
000134,789-85-0156,Tammy,Hunter,thunter3p@google.ru,08 Marquette Pass,Dallas,TX,(214) 919-0495
000135,144-61-2857,Mildred,Richards,mrichards3q@t-online.de,6863 Warbler Crossing,Dallas,TX,(469) 636-7310
000136,812-34-4775,Janet,Dixon,jdixon3r@pbs.org,1 Ridgeway Terrace,Dallas,TX,(972) 381-9665
000137,605-13-5959,Antonio,Hamilton,ahamilton3s@bloglovin.com,2545 Lerdahl Center,Dallas,TX,(214) 886-6681
000138,873-83-1740,Louise,Jordan,ljordan3t@moonfruit.com,7326 Reindahl Point,Dallas,TX,(972) 518-9421
000139,992-25-4077,Linda,Hunt,lhunt3u@army.mil,710 Lighthouse Bay Point,Dallas,TX,(972) 754-7045
000140,222-46-0064,Joan,Webb,jwebb3v@amazon.com,90 Bashford Avenue,Dallas,TX,(469) 955-0632
000141,135-71-1523,Kevin,Frazier,kfrazier3w@g.co,47 Bluejay Hill,Dallas,TX,(972) 965-3683
000142,490-88-8407,Todd,Schmidt,tschmidt3x@adobe.com,4 Lakeland Pass,Dallas,TX,(214) 903-6828
000143,797-95-4607,Andrea,Sims,asims3y@paypal.com,898 Killdeer Pass,Dallas,TX,(469) 988-0761
000144,959-24-3477,Barbara,Brooks,bbrooks3z@tinypic.com,305 Mendota Plaza,Dallas,TX,(469) 958-8251
000145,600-79-0040,Kenneth,Anderson,kanderson40@smh.com.au,246 Shopko Drive,Richardson,TX,(972) 998-5406
000146,704-59-6830,Jessica,Knight,jknight41@admin.ch,36 Forest Park,Richardson,TX,(469) 961-0488
000147,542-87-9344,Dorothy,Adams,dadams42@reverbnation.com,2483 Melody Plaza,Richardson,TX,(972) 881-8472
000148,634-80-8812,Phillip,Adams,padams43@miibeian.gov.cn,4 Derek Point,Dallas,TX,(972) 918-0335
000149,599-72-6050,James,Carpenter,jcarpenter44@cyberchimps.com,6668 Ilene Court,Dallas,TX,(214) 820-8276
000150,751-57-0699,Amy,Lopez,alopez45@themeforest.net,715 Westend Avenue,Dallas,TX,(469) 830-1019
000151,570-71-9526,Frank,Gomez,fgomez46@unicef.org,61280 Mallory Parkway,Plano,TX,(214) 962-2973
000152,585-65-8864,Debra,Rogers,drogers47@weibo.com,4 Southridge Place,Richardson,TX,(469) 753-7894
000153,784-42-3645,Aaron,Chapman,achapman48@oakley.com,840 Messerschmidt Plaza,Dallas,TX,(972) 753-3651
000154,327-00-2811,Jerry,Cruz,jcruz49@utexas.edu,48314 Muir Crossing,Dallas,TX,(214) 973-8302
000155,209-64-5805,Gerald,Mccoy,gmccoy4a@archive.org,71113 Corry Circle,Plano,TX,(469) 758-3820
000156,352-52-5321,Matthew,Ward,mward4b@eepurl.com,3726 Oneill Terrace,Plano,TX,(972) 668-2488
000157,312-33-6562,Marilyn,Andrews,mandrews4c@last.fm,61664 Warrior Street,Dallas,TX,(972) 831-4215
000158,585-35-8539,Lawrence,Coleman,lcoleman4d@techcrunch.com,0 Scoville Plaza,Plano,TX,(469) 987-3187
000159,766-72-6736,Sarah,Burton,sburton4e@cnbc.com,65230 Prairie Rose Point,Plano,TX,(972) 736-0106
000160,519-22-1664,Gerald,White,gwhite4f@ocn.ne.jp,82 Delaware Plaza,Plano,TX,(214) 774-5757
000161,811-23-2706,Shawn,Robertson,srobertson4g@lulu.com,9 Troy Alley,Dallas,TX,(214) 943-9366
000162,983-17-1073,Samuel,Arnold,sarnold4h@google.com.br,1748 Monterey Road,Dallas,TX,(469) 741-5231
000163,153-09-5087,Ruby,Mcdonald,rmcdonald4i@sohu.com,00621 Killdeer Crossing,Dallas,TX,(469) 941-5043
000164,208-16-2580,Lillian,Kim,lkim4j@npr.org,47585 Nova Drive,Dallas,TX,(214) 740-2312
000165,604-54-4201,Pamela,Bradley,pbradley4k@disqus.com,2 Lakewood Gardens Place,Richardson,TX,(469) 871-3326
000166,764-51-2571,Ralph,Chavez,rchavez4l@eventbrite.com,15739 Vera Plaza,Dallas,TX,(214) 598-5319
000167,102-72-1991,Martin,Richards,mrichards4m@mysql.com,8 New Castle Trail,Dallas,TX,(469) 976-0263
000168,743-82-1324,Chris,Simmons,csimmons4n@canalblog.com,46833 Farmco Junction,Dallas,TX,(469) 810-0333
000169,915-27-6165,Martin,Stevens,mstevens4o@berkeley.edu,573 Oneill Hill,Dallas,TX,(469) 570-2393
000170,615-68-8488,Lisa,West,lwest4p@globo.com,55586 Ronald Regan Lane,Dallas,TX,(972) 998-4345
000171,538-66-1965,Daniel,Marshall,dmarshall4q@de.vu,3 Manitowish Crossing,Dallas,TX,(469) 730-4725
000172,981-95-3778,John,Hicks,jhicks4r@spotify.com,81 Northfield Place,Richardson,TX,(972) 727-1591
000173,802-73-6786,Roger,Harrison,rharrison4s@rakuten.co.jp,9 Meadow Vale Drive,Dallas,TX,(469) 941-5954
000174,777-08-7277,Teresa,Thompson,tthompson4t@networkadvertising.org,06364 Gerald Street,Dallas,TX,(972) 670-1547
000175,445-90-2407,Arthur,Freeman,afreeman4u@trellian.com,51652 Russell Street,Dallas,TX,(469) 994-4509
000176,909-02-3006,Howard,Simpson,hsimpson4v@yellowpages.com,95 Redwing Lane,Dallas,TX,(972) 910-0392
000177,790-10-1835,Christopher,Spencer,cspencer4w@uol.com.br,6 Northfield Crossing,Dallas,TX,(214) 821-9650
000178,847-64-1856,Theresa,Wood,twood4x@jigsy.com,0420 Westport Circle,Dallas,TX,(469) 994-1901
000179,930-97-8594,Lillian,Wright,lwright4y@ebay.com,82972 Raven Road,Dallas,TX,(972) 960-5502
000180,823-59-4050,Sara,Rogers,srogers4z@google.fr,7 Twin Pines Circle,Dallas,TX,(214) 984-5323
000181,831-37-2302,Linda,Richards,lrichards50@pagesperso-orange.fr,046 Harper Center,Dallas,TX,(214) 998-2489
000182,139-70-8042,Albert,Cunningham,acunningham51@shutterfly.com,414 Summer Ridge Trail,Richardson,TX,(972) 716-3924
000183,611-16-9228,Debra,Holmes,dholmes52@chron.com,22 Bluejay Road,Plano,TX,(972) 954-8773
000184,248-33-5177,Jason,Davis,jdavis53@qq.com,82931 Cardinal Junction,Dallas,TX,(214) 969-9787
000185,399-38-8513,Justin,Fowler,jfowler54@privacy.gov.au,1958 Leroy Way,Dallas,TX,(972) 915-2410
000186,515-58-4650,Catherine,Harris,charris55@so-net.ne.jp,4091 Doe Crossing Alley,Plano,TX,(469) 968-7984
000187,911-94-6409,Gary,Reyes,greyes56@wufoo.com,06 Shelley Parkway,Dallas,TX,(972) 985-2014
000188,952-37-2293,Clarence,Harvey,charvey57@vinaora.com,637 Blackbird Crossing,Dallas,TX,(972) 735-8046
000189,866-26-3470,Kathleen,Lynch,klynch58@tripod.com,0 Northview Center,Dallas,TX,(469) 858-9821
000190,696-87-1283,Angela,Myers,amyers59@unblog.fr,07 Jenifer Point,Plano,TX,(214) 996-3258
000191,525-30-0056,Paula,Roberts,proberts5a@about.me,2025 Annamark Court,Richardson,TX,(214) 919-1512
000192,455-25-1300,Marie,Hudson,mhudson5b@go.com,35523 Fulton Point,Richardson,TX,(972) 955-0047
000193,300-83-3012,Victor,George,vgeorge5c@paypal.com,16 Butterfield Place,Plano,TX,(469) 982-0024
000194,568-53-7223,Judith,Lane,jlane5d@miibeian.gov.cn,59463 Havey Center,Dallas,TX,(469) 962-1701
000195,219-13-1583,Steven,Carpenter,scarpenter5e@china.com.cn,64 Rutledge Court,Richardson,TX,(972) 759-2760
000196,628-41-9882,Beverly,Welch,bwelch5f@pinterest.com,0 7th Point,Richardson,TX,(214) 758-2027
000197,553-83-0248,Chris,Cox,ccox5g@wix.com,386 Coleman Avenue,Richardson,TX,(214) 902-1149
000198,664-42-3811,Heather,Duncan,hduncan5h@constantcontact.com,3 Acker Avenue,Richardson,TX,(972) 906-2444
000199,932-05-2280,Helen,Cooper,hcooper5i@intel.com,90887 Ohio Trail,Dallas,TX,(214) 723-9307
000200,359-15-6568,Linda,Dixon,ldixon5j@simplemachines.org,0506 Boyd Plaza,Richardson,TX,(214) 940-0096
000201,377-03-6374,Eric,Wood,ewood5k@cnbc.com,730 Bonner Hill,Dallas,TX,(972) 959-7132
000202,956-77-5994,Brenda,Brooks,bbrooks5l@kickstarter.com,4 Pennsylvania Hill,Dallas,TX,(972) 960-5440
000203,262-72-9956,Fred,Crawford,fcrawford5m@fastcompany.com,00 Mariners Cove Terrace,Dallas,TX,(972) 978-1543
000204,935-26-1044,Alan,Morris,amorris5n@businesswire.com,2238 Debra Center,Dallas,TX,(469) 701-3591
000205,575-57-3479,Jimmy,Watkins,jwatkins5o@msn.com,91873 Colorado Crossing,Dallas,TX,(469) 933-3579
000206,534-35-2839,Keith,Fisher,kfisher5p@ehow.com,2 Muir Crossing,Richardson,TX,(972) 999-1883
000207,487-48-3434,Rose,Oliver,roliver5q@reference.com,3152 Thackeray Point,Dallas,TX,(214) 971-9384
000208,282-19-5051,Johnny,Vasquez,jvasquez5r@diigo.com,809 Grover Circle,Dallas,TX,(972) 843-5554
000209,198-52-6239,Judith,Dunn,jdunn5s@huffingtonpost.com,337 Northview Point,Dallas,TX,(972) 999-1156
000210,165-45-3343,Roger,Freeman,rfreeman5t@opensource.org,13 Farmco Way,Dallas,TX,(469) 854-9842
000211,983-87-0005,Richard,Bailey,rbailey5u@fc2.com,3108 Browning Park,Richardson,TX,(214) 718-0392
000212,387-20-1613,Ernest,Palmer,epalmer5v@japanpost.jp,66600 Pleasure Drive,Dallas,TX,(214) 238-1120
000213,440-22-0860,Janice,Long,jlong5w@xrea.com,26577 Laurel Road,Dallas,TX,(214) 972-0889
000214,589-60-2564,Thomas,Schmidt,tschmidt5x@ucoz.ru,0 New Castle Crossing,Plano,TX,(469) 745-9014
000215,564-07-7138,Kathryn,Hayes,khayes5y@usa.gov,18504 Basil Hill,Dallas,TX,(469) 831-7793
000216,106-58-8800,Chris,Perkins,cperkins5z@nasa.gov,14865 John Wall Center,Plano,TX,(972) 957-3368
000217,664-12-8122,Thomas,Scott,tscott60@cpanel.net,449 Schurz Parkway,Dallas,TX,(469) 914-5396
000218,394-69-4479,Judy,Richards,jrichards61@narod.ru,9420 Main Hill,Dallas,TX,(469) 871-8324
000219,977-89-1063,Janice,Garrett,jgarrett62@naver.com,2998 Chive Place,Dallas,TX,(214) 809-6943
000220,720-12-0662,Raymond,Peterson,rpeterson63@friendfeed.com,892 Fairfield Point,Richardson,TX,(469) 947-5199
000221,344-03-8015,Marilyn,Williams,mwilliams64@blinklist.com,0 John Wall Circle,Dallas,TX,(214) 992-8183
000222,166-80-9145,Teresa,Reid,treid65@baidu.com,9224 Manufacturers Terrace,Dallas,TX,(972) 457-6436
000223,628-54-4529,Irene,Medina,imedina66@hhs.gov,51 Southridge Pass,Dallas,TX,(972) 994-3852
000224,763-92-5219,Linda,Carpenter,lcarpenter67@flavors.me,43 Dovetail Road,Dallas,TX,(972) 866-8440
000225,468-30-6717,Jonathan,Harrison,jharrison68@hp.com,113 Havey Crossing,Plano,TX,(469) 900-2769
000226,716-63-5871,Laura,Graham,lgraham69@rakuten.co.jp,72346 Emmet Place,Dallas,TX,(469) 892-4249
000227,462-64-8746,Sharon,Pierce,spierce6a@dmoz.org,9 Clove Trail,Dallas,TX,(972) 930-5410
000228,890-27-4530,Katherine,Boyd,kboyd6b@cafepress.com,90 Park Meadow Junction,Dallas,TX,(214) 652-5153
000229,875-97-7822,Brian,Perkins,bperkins6c@adobe.com,5988 Havey Street,Dallas,TX,(972) 973-2502
000230,867-84-8327,Eric,Cooper,ecooper6d@studiopress.com,7 Granby Road,Dallas,TX,(972) 970-2642
000231,907-94-1254,Randy,Stanley,rstanley6e@cbsnews.com,94552 Linden Court,Dallas,TX,(972) 815-8835
000232,319-59-2633,Pamela,Gutierrez,pgutierrez6f@cdbaby.com,50236 Goodland Lane,Plano,TX,(972) 968-2569
000233,145-92-8000,Keith,Perkins,kperkins6g@mayoclinic.com,9543 Farragut Road,Richardson,TX,(214) 804-0599
000234,361-70-3782,Scott,Spencer,sspencer6h@edublogs.org,5 Lukken Junction,Dallas,TX,(214) 701-4621
000235,992-96-4866,Todd,Bryant,tbryant6i@lycos.com,418 Onsgard Hill,Dallas,TX,(214) 980-7359
000236,916-54-8159,Jose,Anderson,janderson6j@comsenz.com,2705 Ohio Junction,Dallas,TX,(214) 530-2752
000237,133-83-4824,Amanda,Davis,adavis6k@studiopress.com,1636 Norway Maple Place,Plano,TX,(469) 913-5733
000238,712-12-8661,Richard,Cruz,rcruz6l@sina.com.cn,69 Marquette Park,Richardson,TX,(469) 902-7741
000239,325-77-2883,Sara,Walker,swalker6m@bloomberg.com,18924 3rd Circle,Dallas,TX,(972) 932-7544
000240,974-70-9717,Gloria,Sanders,gsanders6n@blog.com,36961 Green Ridge Place,Dallas,TX,(214) 937-3306
000241,584-04-3187,Jonathan,Harris,jharris6o@freewebs.com,286 Merry Way,Dallas,TX,(469) 873-4473
000242,152-31-3951,Juan,Fields,jfields6p@nationalgeographic.com,291 Marquette Parkway,Richardson,TX,(972) 916-7303
000243,950-88-3244,Wanda,Mills,wmills6q@twitter.com,79024 Surrey Way,Dallas,TX,(469) 920-6298
000244,315-12-0643,Karen,Davis,kdavis6r@discuz.net,83 Holy Cross Drive,Dallas,TX,(972) 890-5755
000245,328-21-2988,Scott,Montgomery,smontgomery6s@squarespace.com,96247 Oriole Circle,Dallas,TX,(972) 929-5312
000246,752-03-8294,Michael,Stevens,mstevens6t@reuters.com,356 Shoshone Drive,Dallas,TX,(469) 803-5017
000247,223-10-5941,Andrea,Baker,abaker6u@ning.com,90 Heath Drive,Dallas,TX,(469) 930-1109
000248,383-36-2902,Marilyn,Alexander,malexander6v@goo.gl,443 Dottie Circle,Dallas,TX,(972) 406-2617
000249,556-96-7003,Harry,Alvarez,halvarez6w@blogspot.com,636 Express Way,Dallas,TX,(214) 954-5716
000250,760-25-1865,Rose,Peterson,rpeterson6x@unesco.org,034 Shelley Drive,Dallas,TX,(972) 861-4171
000251,196-06-0978,Barbara,Garcia,bgarcia6y@chicagotribune.com,5690 Acker Road,Dallas,TX,(469) 517-8843
000252,140-56-2974,Ann,Berry,aberry6z@wix.com,37940 Morning Hill,Dallas,TX,(972) 918-7984
000253,493-92-4232,Paul,Turner,pturner70@eventbrite.com,75287 Pleasure Place,Dallas,TX,(972) 782-6768
000254,353-18-9662,Theresa,Day,tday71@skyrock.com,9 American Ash Crossing,Dallas,TX,(972) 909-4722
000255,926-42-8995,Andrew,Gilbert,agilbert72@npr.org,8 American Parkway,Dallas,TX,(972) 834-2804
000256,741-11-7814,Alice,Turner,aturner73@seesaa.net,4 Namekagon Lane,Dallas,TX,(214) 660-6741
000257,700-23-8477,Julie,Smith,jsmith74@nydailynews.com,61345 Namekagon Place,Dallas,TX,(469) 861-2346
000258,390-30-8158,Alice,Carr,acarr75@devhub.com,7564 Ohio Plaza,Dallas,TX,(214) 549-1687
000259,941-05-7192,Harry,Baker,hbaker76@hostgator.com,7 Straubel Center,Plano,TX,(469) 590-5412
000260,949-37-6371,Donna,Cooper,dcooper77@scientificamerican.com,1629 Summer Ridge Plaza,Dallas,TX,(469) 957-3027
000261,947-04-7262,Laura,Rogers,lrogers78@google.co.jp,7776 Summer Ridge Court,Dallas,TX,(972) 730-7675
000262,443-61-5562,Jessica,Hicks,jhicks79@chron.com,17138 Ryan Circle,Dallas,TX,(469) 815-6162
000263,428-09-7397,George,Turner,gturner7a@opera.com,4 Quincy Pass,Richardson,TX,(214) 958-2175
000264,354-53-8826,Joan,Watkins,jwatkins7b@phoca.cz,9601 Lerdahl Pass,Plano,TX,(214) 814-9170
000265,757-21-3141,Andrea,Gonzalez,agonzalez7c@jiathis.com,127 Russell Hill,Dallas,TX,(972) 809-5959
000266,924-17-9942,Billy,Little,blittle7d@spiegel.de,46 Autumn Leaf Junction,Dallas,TX,(972) 986-6001
000267,778-68-6617,Teresa,Marshall,tmarshall7e@opensource.org,2 Sheridan Trail,Dallas,TX,(469) 884-2394
000268,431-20-0144,Benjamin,Lynch,blynch7f@newyorker.com,53 Tennyson Park,Dallas,TX,(469) 877-9851
000269,851-35-0300,Nancy,Dixon,ndixon7g@instagram.com,4 Dwight Street,Dallas,TX,(972) 770-3641
000270,583-40-6101,Jean,Dunn,jdunn7h@stanford.edu,4 North Street,Dallas,TX,(469) 995-6149
000271,125-98-5061,Anthony,Gardner,agardner7i@bizjournals.com,9823 Donald Terrace,Dallas,TX,(972) 432-3180
000272,750-84-1386,Benjamin,Morrison,bmorrison7j@parallels.com,21 Oriole Terrace,Dallas,TX,(214) 409-6322
000273,319-09-3742,Anne,Dixon,adixon7k@free.fr,9579 Browning Crossing,Dallas,TX,(972) 907-6080
000274,585-90-0674,Denise,Wallace,dwallace7l@ovh.net,6021 Portage Park,Dallas,TX,(972) 940-4355
000275,416-38-3510,Linda,Owens,lowens7m@marketwatch.com,13 Monterey Alley,Richardson,TX,(214) 836-3577
000276,614-68-5656,Larry,Warren,lwarren7n@princeton.edu,2657 Mitchell Hill,Plano,TX,(972) 938-7212
000277,984-48-8111,Edward,Hunt,ehunt7o@wufoo.com,6 Claremont Avenue,Dallas,TX,(972) 763-1900
000278,446-20-4077,Harry,Mcdonald,hmcdonald7p@webnode.com,22283 Farragut Place,Plano,TX,(214) 873-3156
000279,154-67-1759,Lawrence,Wells,lwells7q@slate.com,841 Delaware Place,Dallas,TX,(214) 976-7034
000280,218-70-1729,Martin,Fuller,mfuller7r@altervista.org,53309 Buhler Place,Dallas,TX,(469) 667-3361
000281,685-99-2971,Roger,Ellis,rellis7s@mashable.com,74213 Charing Cross Circle,Dallas,TX,(972) 976-7863
000282,551-99-0871,Patrick,Moreno,pmoreno7t@youtube.com,490 Rockefeller Lane,Dallas,TX,(972) 955-5269
000283,156-64-6797,Andrew,Cole,acole7u@ning.com,30 Sunfield Pass,Plano,TX,(214) 879-7342
000284,704-85-7803,Joan,Hudson,jhudson7v@scribd.com,4 Everett Court,Dallas,TX,(214) 954-1417
000285,491-79-6292,Chris,Powell,cpowell7w@cloudflare.com,4 Jenifer Circle,Dallas,TX,(469) 726-7925
000286,164-90-8064,Anna,Perez,aperez7x@tiny.cc,1241 Graceland Court,Dallas,TX,(469) 996-2325
000287,857-94-0950,Debra,Gray,dgray7y@ucla.edu,251 Monterey Hill,Dallas,TX,(469) 973-4499
000288,581-46-2753,Annie,Shaw,ashaw7z@de.vu,561 Cody Crossing,Plano,TX,(214) 764-1587
000289,300-46-8310,Shawn,Martinez,smartinez80@flickr.com,19 Lunder Park,Dallas,TX,(469) 986-4161
000290,691-97-1438,Mary,Graham,mgraham81@shutterfly.com,701 Cordelia Court,Dallas,TX,(214) 687-0840
000291,239-90-4011,Janet,West,jwest82@wikimedia.org,2308 Division Center,Dallas,TX,(214) 978-0541
000292,702-60-4201,Aaron,Arnold,aarnold83@instagram.com,5886 Banding Trail,Dallas,TX,(214) 955-5863
000293,253-17-0796,Justin,Brown,jbrown84@vistaprint.com,611 Green Plaza,Plano,TX,(214) 901-6023
000294,547-06-9057,George,Torres,gtorres85@dropbox.com,64206 Calypso Hill,Dallas,TX,(972) 925-4199
000295,722-28-9325,Brian,Romero,bromero86@bing.com,4418 Green Ridge Terrace,Dallas,TX,(469) 825-9159
000296,488-01-1020,Lawrence,Morris,lmorris87@ucoz.ru,42 Magdeline Pass,Dallas,TX,(214) 942-2979
000297,947-93-9771,Patrick,Garcia,pgarcia88@cornell.edu,1 Nevada Parkway,Dallas,TX,(469) 827-6118
000298,708-32-6866,Ashley,Moreno,amoreno89@sakura.ne.jp,067 Morning Park,Dallas,TX,(469) 869-6226
000299,421-79-0842,Aaron,Ellis,aellis8a@xing.com,1925 Grasskamp Alley,Dallas,TX,(469) 937-9272
000300,554-28-3296,Jimmy,James,jjames8b@shutterfly.com,3 Knutson Way,Dallas,TX,(972) 930-8175
000301,271-28-4504,Maria,Torres,mtorres8c@live.com,56168 Arizona Drive,Dallas,TX,(214) 931-8328
000302,453-78-4845,Chris,Owens,cowens8d@un.org,6 Browning Park,Dallas,TX,(972) 701-4889
000303,556-27-9759,Elizabeth,Harvey,eharvey8e@goo.ne.jp,1995 Nelson Park,Dallas,TX,(972) 992-9375
000304,212-61-9406,Jane,Baker,jbaker8f@hatena.ne.jp,0062 Sunbrook Junction,Dallas,TX,(469) 754-6653
000305,142-06-8429,Lisa,Kelley,lkelley8g@cdbaby.com,272 Larry Drive,Dallas,TX,(469) 930-6637
000306,205-62-6313,Jonathan,Diaz,jdiaz8h@foxnews.com,18283 Brown Center,Dallas,TX,(469) 940-2479
000307,592-93-9926,Mildred,Allen,mallen8i@merriam-webster.com,5734 La Follette Point,Dallas,TX,(469) 946-2268
000308,714-97-1208,Linda,Rogers,lrogers8j@vimeo.com,0590 Northport Drive,Dallas,TX,(972) 947-1564
000309,949-18-1878,Gary,Garrett,ggarrett8k@wufoo.com,5285 2nd Court,Dallas,TX,(469) 939-2476
000310,454-36-5067,Earl,Hall,ehall8l@ifeng.com,7755 Park Meadow Way,Dallas,TX,(214) 882-0672
000311,586-20-4125,Benjamin,Bailey,bbailey8m@sina.com.cn,72101 Elmside Parkway,Dallas,TX,(214) 896-3364
000312,853-10-4620,Angela,Graham,agraham8n@pinterest.com,5 High Crossing Crossing,Richardson,TX,(972) 878-1468
000313,132-68-7899,Dennis,Hunter,dhunter8o@marriott.com,7 2nd Place,Plano,TX,(469) 967-8745
000314,618-21-2736,Matthew,Stevens,mstevens8p@liveinternet.ru,9603 Hansons Way,Dallas,TX,(469) 861-3808
000315,852-75-0048,Annie,Freeman,afreeman8q@dot.gov,7466 Gulseth Alley,Dallas,TX,(972) 921-0146
000316,652-37-4979,Richard,Lawson,rlawson8r@opera.com,792 Dottie Circle,Dallas,TX,(214) 545-9387
000317,953-35-3551,Susan,Allen,sallen8s@github.io,6 Morrow Alley,Dallas,TX,(214) 748-0451
000318,269-55-4900,Rose,Coleman,rcoleman8t@theglobeandmail.com,26094 Loomis Alley,Dallas,TX,(469) 819-2212
000319,398-57-5624,Kathy,Elliott,kelliott8u@privacy.gov.au,28 Boyd Pass,Dallas,TX,(469) 996-0439
000320,769-13-6801,Teresa,Brooks,tbrooks8v@ask.com,57699 Oak Circle,Richardson,TX,(972) 731-4160
000321,781-65-2211,Julie,Lane,jlane8w@so-net.ne.jp,8261 Magdeline Road,Dallas,TX,(214) 930-8339
000322,880-14-5596,Jessica,Day,jday8x@eventbrite.com,80 Cascade Junction,Dallas,TX,(214) 947-1788
000323,472-47-3959,Billy,Cruz,bcruz8y@narod.ru,75 Mosinee Court,Dallas,TX,(214) 797-5929
000324,628-10-4874,Martha,Mccoy,mmccoy8z@google.ca,74 Claremont Park,Dallas,TX,(214) 915-1572
000325,799-41-8699,Frances,Long,flong90@usgs.gov,0 Schlimgen Alley,Dallas,TX,(214) 951-4800
000326,826-57-4791,Carolyn,Duncan,cduncan91@google.com.au,1 Merry Place,Dallas,TX,(214) 279-8556
000327,497-33-4483,Ryan,Mendoza,rmendoza92@cyberchimps.com,9 Myrtle Way,Dallas,TX,(214) 867-1887
000328,733-61-4241,Jerry,Oliver,joliver93@ezinearticles.com,0 Vera Alley,Dallas,TX,(469) 734-8276
000329,669-72-6189,Juan,Smith,jsmith94@ucoz.ru,3 Dixon Parkway,Dallas,TX,(214) 909-9366
000330,867-23-4679,Marilyn,White,mwhite95@stumbleupon.com,769 Mayfield Center,Dallas,TX,(972) 933-0968
000331,410-60-8961,Anne,Moreno,amoreno96@kickstarter.com,60 Raven Pass,Dallas,TX,(214) 886-0662
000332,381-83-9299,Ruby,Greene,rgreene97@mediafire.com,328 Fallview Center,Richardson,TX,(214) 872-7995
000333,186-53-8147,Shawn,Rivera,srivera98@smh.com.au,8 American Hill,Dallas,TX,(972) 528-2505
000334,100-08-2010,Tina,Hamilton,thamilton99@tinyurl.com,24695 Di Loreto Crossing,Dallas,TX,(972) 755-6424
000335,166-29-5051,Benjamin,Graham,bgraham9a@bloomberg.com,08 New Castle Avenue,Dallas,TX,(214) 983-4311
000336,869-23-6916,Doris,Bailey,dbailey9b@huffingtonpost.com,5773 Eastlawn Center,Dallas,TX,(469) 801-1479
000337,242-20-9101,Jason,Washington,jwashington9c@nydailynews.com,3225 Vera Lane,Richardson,TX,(972) 931-0247
000338,456-04-0469,Evelyn,Wilson,ewilson9d@fema.gov,9873 Kim Center,Richardson,TX,(469) 901-5209
000339,812-93-7575,Steve,Cunningham,scunningham9e@google.nl,5615 Mcbride Park,Dallas,TX,(214) 883-3172
000340,696-31-4035,Henry,Howard,hhoward9f@wired.com,9 Lakewood Avenue,Dallas,TX,(214) 848-6192
000341,399-88-0576,Timothy,Crawford,tcrawford9g@earthlink.net,39384 Tony Terrace,Dallas,TX,(972) 729-2932
000342,342-52-5404,Todd,Rose,trose9h@fema.gov,8 Mosinee Plaza,Plano,TX,(469) 893-2893
000343,699-25-9472,Mary,Nelson,mnelson9i@tinypic.com,8 Colorado Avenue,Dallas,TX,(214) 241-4452
000344,188-14-3830,Jason,Watkins,jwatkins9j@jugem.jp,74155 Welch Terrace,Dallas,TX,(972) 915-1343
000345,562-73-5031,Kathy,Cole,kcole9k@macromedia.com,8600 Anniversary Pass,Dallas,TX,(214) 993-7915
000346,633-54-2851,Albert,Reyes,areyes9l@nbcnews.com,43 Transport Pass,Dallas,TX,(469) 808-4965
000347,256-93-5132,Aaron,Harvey,aharvey9m@nsw.gov.au,1807 Prairieview Pass,Dallas,TX,(214) 632-9282
000348,973-81-6951,Jack,Ward,jward9n@independent.co.uk,5 Susan Plaza,Richardson,TX,(972) 918-4342
000349,324-71-1906,Dorothy,Spencer,dspencer9o@mozilla.com,90651 Bellgrove Junction,Dallas,TX,(972) 892-8862
000350,227-59-5562,Lawrence,Hunt,lhunt9p@gov.uk,2 Randy Court,Dallas,TX,(972) 962-4743
000351,931-62-4904,Beverly,Fernandez,bfernandez9q@jigsy.com,480 Toban Lane,Richardson,TX,(469) 975-3330
000352,625-57-7457,Karen,Johnston,kjohnston9r@usda.gov,3 Coleman Plaza,Dallas,TX,(214) 768-1518
000353,285-70-4379,Howard,Gonzalez,hgonzalez9s@usatoday.com,7699 Dakota Terrace,Dallas,TX,(214) 905-6019
000354,490-16-4375,Dorothy,Graham,dgraham9t@tinyurl.com,9 Mcguire Alley,Richardson,TX,(469) 619-4224
000355,246-40-5583,Barbara,Anderson,banderson9u@marketwatch.com,77 Ronald Regan Park,Richardson,TX,(214) 947-1531
000356,697-56-6815,Frances,Willis,fwillis9v@sina.com.cn,61438 Becker Park,Dallas,TX,(469) 900-5979
000357,878-94-1305,Martha,Arnold,marnold9w@buzzfeed.com,52279 Hauk Plaza,Dallas,TX,(469) 968-6237
000358,721-32-2687,Maria,Medina,mmedina9x@diigo.com,6 Gina Crossing,Dallas,TX,(214) 851-3813
000359,842-65-5010,Jonathan,Fox,jfox9y@photobucket.com,32 Springs Road,Dallas,TX,(972) 916-5884
000360,657-17-6421,Carlos,Carter,ccarter9z@gizmodo.com,96207 3rd Park,Dallas,TX,(214) 928-7624
000361,422-81-7045,Adam,Ferguson,afergusona0@ucoz.com,0 Summerview Court,Dallas,TX,(214) 957-5621
000362,644-09-0337,Nicholas,Wheeler,nwheelera1@mozilla.com,756 Pleasure Circle,Dallas,TX,(469) 973-3255
000363,903-98-1679,Raymond,Rogers,rrogersa2@who.int,16 Monument Parkway,Richardson,TX,(469) 887-9227
000364,847-29-3619,Brandon,Stevens,bstevensa3@narod.ru,94647 Village Junction,Dallas,TX,(214) 693-6689
000365,822-62-5312,Lori,Ferguson,lfergusona4@scribd.com,49 Sachtjen Crossing,Dallas,TX,(214) 968-1515
000366,629-41-9551,Roy,Turner,rturnera5@abc.net.au,61544 Talmadge Drive,Richardson,TX,(469) 927-5678
000367,235-79-8503,Martha,Warren,mwarrena6@meetup.com,94 Vahlen Hill,Dallas,TX,(972) 776-3863
000368,265-90-7820,Ruby,Anderson,randersona7@slashdot.org,0482 Haas Terrace,Dallas,TX,(469) 873-2923
000369,694-92-0573,Steven,Bailey,sbaileya8@mlb.com,8987 Lawn Park,Dallas,TX,(469) 938-8249
000370,143-30-2355,Melissa,Perkins,mperkinsa9@psu.edu,0039 Hanson Court,Dallas,TX,(972) 995-3027
000371,344-69-2006,Ruby,Ross,rrossaa@lycos.com,86591 Roxbury Circle,Dallas,TX,(214) 917-1080
000372,566-64-7874,Billy,King,bkingab@gnu.org,831 Sutherland Point,Plano,TX,(214) 846-6560
000373,163-65-8067,Mildred,Sanchez,msanchezac@storify.com,09 Annamark Circle,Dallas,TX,(469) 877-2424
000374,588-45-9557,Linda,Duncan,lduncanad@paypal.com,09159 Charing Cross Way,Dallas,TX,(972) 877-3172
000375,142-74-6194,Janice,Montgomery,jmontgomeryae@columbia.edu,661 Grasskamp Alley,Dallas,TX,(214) 905-8688
000376,694-58-3169,Robin,Cox,rcoxaf@naver.com,0 Gerald Court,Dallas,TX,(972) 722-1586
000377,513-11-0091,Carol,Howell,chowellag@webnode.com,273 Sullivan Lane,Richardson,TX,(214) 831-1374
000378,432-49-7884,Doris,Welch,dwelchah@netscape.com,74 Oakridge Alley,Dallas,TX,(469) 983-6603
000379,204-46-7713,Debra,Kelly,dkellyai@spotify.com,0 Maywood Street,Dallas,TX,(469) 926-2312
000380,597-00-1738,Scott,Morales,smoralesaj@bing.com,823 Sherman Point,Plano,TX,(469) 801-1210
000381,221-70-6594,Louise,Murphy,lmurphyak@fema.gov,7113 Carpenter Drive,Dallas,TX,(469) 988-1773
000382,300-48-5255,Jack,Cruz,jcruzal@google.com.au,55322 Linden Point,Dallas,TX,(469) 896-0110
000383,823-59-7520,Teresa,Carter,tcarteram@zimbio.com,4757 Kingsford Street,Dallas,TX,(214) 964-1732
000384,526-53-0309,Eric,Flores,efloresan@behance.net,0 Vera Center,Dallas,TX,(214) 868-2141
000385,996-22-6511,Louis,Elliott,lelliottao@mit.edu,02 Jenna Trail,Dallas,TX,(972) 567-4117
000386,688-12-7828,Nicholas,Evans,nevansap@patch.com,13 Russell Lane,Dallas,TX,(214) 975-3027
000387,389-89-9874,Evelyn,Bailey,ebaileyaq@bbc.co.uk,77832 West Park,Dallas,TX,(972) 978-9540
000388,614-07-9273,Arthur,Ray,arayar@canalblog.com,3079 Donald Point,Dallas,TX,(469) 754-2762
000389,189-81-8299,Shawn,Burns,sburnsas@feedburner.com,51 Nelson Plaza,Dallas,TX,(469) 978-8065
000390,874-30-0223,Henry,Wallace,hwallaceat@list-manage.com,4139 Spaight Road,Richardson,TX,(972) 524-8949
000391,841-42-8500,Kathy,Garcia,kgarciaau@imdb.com,3657 Anhalt Trail,Richardson,TX,(469) 867-8069
000392,933-68-6811,Kenneth,Sanchez,ksanchezav@ibm.com,06600 Utah Crossing,Dallas,TX,(972) 810-0694
000393,124-81-1894,Carl,Bishop,cbishopaw@artisteer.com,01 Goodland Junction,Dallas,TX,(469) 792-3214
000394,255-45-0108,Harry,Tucker,htuckerax@yellowbook.com,8 Waubesa Parkway,Dallas,TX,(214) 925-4392
000395,694-43-1375,Christopher,Marshall,cmarshallay@liveinternet.ru,34693 Warbler Junction,Plano,TX,(214) 646-3142
000396,405-10-9736,Russell,Murphy,rmurphyaz@shutterfly.com,9552 Mandrake Center,Dallas,TX,(214) 843-3552
000397,752-91-8139,Jessica,Carr,jcarrb0@goo.gl,9 Sutteridge Pass,Dallas,TX,(469) 949-9851
000398,324-70-7021,Cheryl,Moore,cmooreb1@tinypic.com,0 2nd Plaza,Dallas,TX,(972) 272-0101
000399,903-05-2325,Lori,Carroll,lcarrollb2@usa.gov,879 Clarendon Alley,Dallas,TX,(469) 989-2206
000400,323-48-3150,Frank,Martin,fmartinb3@slate.com,428 Lindbergh Way,Dallas,TX,(972) 802-1808
000401,748-29-7839,Joyce,Allen,jallenb4@deviantart.com,5911 Troy Pass,Dallas,TX,(469) 935-7570
000402,203-92-3954,Philip,Gonzalez,pgonzalezb5@cbslocal.com,2 Buhler Street,Dallas,TX,(214) 941-2219
000403,483-93-2540,Nicole,Bell,nbellb6@delicious.com,69 Manitowish Lane,Dallas,TX,(214) 901-7334
000404,235-14-1141,Joseph,Perry,jperryb7@so-net.ne.jp,45 Judy Trail,Dallas,TX,(214) 938-2436
000405,138-49-9901,Doris,Peterson,dpetersonb8@engadget.com,56 Oxford Avenue,Dallas,TX,(214) 956-2812
000406,311-51-3288,Gregory,Marshall,gmarshallb9@narod.ru,17 Eastwood Terrace,Dallas,TX,(214) 824-0301
000407,359-35-2008,Virginia,Kelly,vkellyba@qq.com,37408 Morrow Court,Plano,TX,(972) 839-9825
000408,608-20-9205,Beverly,Hawkins,bhawkinsbb@feedburner.com,0 Hovde Terrace,Dallas,TX,(469) 814-1846
000409,539-33-7584,Scott,Gonzalez,sgonzalezbc@barnesandnoble.com,623 Westend Way,Dallas,TX,(469) 928-6396
000410,407-50-8210,Paul,Mcdonald,pmcdonaldbd@china.com.cn,334 Orin Avenue,Dallas,TX,(972) 994-1541
000411,158-21-4344,Dennis,Duncan,dduncanbe@marriott.com,05 Mitchell Hill,Dallas,TX,(469) 906-7817
000412,146-55-7699,Mary,Ryan,mryanbf@google.ru,24029 Nevada Way,Dallas,TX,(469) 827-6766
000413,870-93-1419,Victor,Smith,vsmithbg@creativecommons.org,0 Helena Point,Dallas,TX,(214) 828-3216
000414,752-50-3597,Ruby,Murray,rmurraybh@europa.eu,4920 Westend Court,Dallas,TX,(214) 859-6221
000415,894-84-4831,Jean,Garza,jgarzabi@dmoz.org,91 Havey Plaza,Plano,TX,(972) 738-9037
000416,327-53-6005,Andrew,Jordan,ajordanbj@umn.edu,38498 Park Meadow Crossing,Dallas,TX,(469) 762-1505
000417,868-79-0477,Harry,Marshall,hmarshallbk@ed.gov,24 Heffernan Crossing,Plano,TX,(972) 927-0592
000418,409-03-9079,Wayne,Franklin,wfranklinbl@instagram.com,35 Continental Alley,Dallas,TX,(214) 741-9000
000419,653-59-9039,Lillian,Gonzalez,lgonzalezbm@123-reg.co.uk,9922 Arkansas Circle,Plano,TX,(972) 872-9248
000420,718-47-6143,Rachel,Bishop,rbishopbn@whitehouse.gov,70227 Vernon Way,Dallas,TX,(972) 798-2559
000421,841-96-3890,Alan,Lynch,alynchbo@dailymail.co.uk,332 Dayton Plaza,Plano,TX,(214) 930-8850
000422,931-94-4929,Carlos,Ray,craybp@cdc.gov,62 Monument Park,Dallas,TX,(469) 942-7494
000423,720-85-0355,Frank,Taylor,ftaylorbq@seesaa.net,5 Lien Center,Dallas,TX,(214) 621-5602
000424,836-23-8686,Melissa,Burton,mburtonbr@yandex.ru,5 Springs Lane,Dallas,TX,(469) 567-0603
000425,999-28-2020,Anne,Nelson,anelsonbs@wp.com,34365 Kropf Park,Dallas,TX,(972) 904-1974
000426,919-67-6865,Amanda,Bailey,abaileybt@macromedia.com,29 Continental Point,Dallas,TX,(214) 819-4931
000427,362-09-9834,Chris,Duncan,cduncanbu@blogspot.com,35 Alpine Avenue,Dallas,TX,(214) 940-2965
000428,762-37-8033,Elizabeth,Gibson,egibsonbv@sitemeter.com,6602 Namekagon Way,Dallas,TX,(972) 863-7573
000429,424-50-1775,Keith,Brown,kbrownbw@slate.com,471 Burning Wood Park,Dallas,TX,(214) 849-4296
000430,221-74-2881,Karen,Sanchez,ksanchezbx@census.gov,71 Old Gate Point,Dallas,TX,(214) 915-6512
000431,467-35-1217,Marilyn,Meyer,mmeyerby@usatoday.com,3981 Lerdahl Point,Dallas,TX,(972) 956-5459
000432,142-41-8822,Harold,Little,hlittlebz@bbc.co.uk,81271 Evergreen Lane,Dallas,TX,(469) 888-8096
000433,626-74-9990,Henry,Dean,hdeanc0@soup.io,4913 Brentwood Center,Dallas,TX,(469) 950-2072
000434,468-99-7446,Joyce,Rivera,jriverac1@indiegogo.com,3 Johnson Pass,Dallas,TX,(469) 982-3317
000435,560-85-1499,Marie,Johnson,mjohnsonc2@cbc.ca,6 Graedel Street,Richardson,TX,(972) 701-4623
000436,650-87-6068,Aaron,Clark,aclarkc3@geocities.com,5169 Bashford Point,Plano,TX,(214) 931-4554
000437,262-55-8913,Anne,Campbell,acampbellc4@163.com,0140 Grover Place,Dallas,TX,(214) 962-1673
000438,691-11-1485,Janice,Garrett,jgarrettc5@i2i.jp,439 Prentice Hill,Dallas,TX,(972) 911-1842
000439,772-97-8655,Bobby,Johnson,bjohnsonc6@histats.com,7 Moulton Crossing,Dallas,TX,(469) 948-5326
000440,807-93-7008,Fred,Welch,fwelchc7@techcrunch.com,0 Lukken Alley,Dallas,TX,(214) 955-3447
000441,464-18-8734,Laura,Chapman,lchapmanc8@google.it,304 Lunder Hill,Richardson,TX,(469) 823-5855
000442,307-70-2725,Albert,Castillo,acastilloc9@shop-pro.jp,2 Beilfuss Center,Dallas,TX,(214) 705-0297
000443,528-91-7558,Julia,Oliver,joliverca@dyndns.org,42421 Farmco Street,Dallas,TX,(972) 780-5174
000444,408-53-0520,David,Russell,drussellcb@mlb.com,57840 Laurel Alley,Dallas,TX,(972) 852-7339
000445,520-76-6004,Russell,Montgomery,rmontgomerycc@clickbank.net,18 Hagan Pass,Dallas,TX,(972) 389-6002
000446,660-90-8261,Joe,Price,jpricecd@google.cn,1 Leroy Park,Dallas,TX,(214) 527-9098
000447,799-34-0025,Anthony,Harrison,aharrisonce@creativecommons.org,7123 Bunker Hill Junction,Dallas,TX,(972) 970-2532
000448,870-49-6647,Gregory,Hudson,ghudsoncf@uol.com.br,42 Park Meadow Park,Dallas,TX,(972) 883-9738
000449,707-63-8293,Michelle,Chapman,mchapmancg@pbs.org,29 Rieder Pass,Dallas,TX,(972) 911-7317
000450,469-39-1386,Chris,Bailey,cbaileych@slashdot.org,8 South Court,Dallas,TX,(214) 935-4761
000451,553-57-0780,Kevin,Wood,kwoodci@php.net,0 Pierstorff Park,Dallas,TX,(469) 876-1298
000452,316-43-6159,Louise,Spencer,lspencercj@edublogs.org,4462 Blaine Avenue,Dallas,TX,(214) 877-5122
000453,455-51-2609,Ruth,Lee,rleeck@geocities.jp,58 Waubesa Avenue,Dallas,TX,(469) 940-2041
000454,995-34-9938,Carolyn,Alexander,calexandercl@washingtonpost.com,634 Judy Pass,Dallas,TX,(214) 882-9567
000455,149-26-9323,Barbara,Rivera,briveracm@illinois.edu,93 North Pass,Dallas,TX,(972) 696-7148
000456,889-46-9650,Adam,Mcdonald,amcdonaldcn@go.com,20734 Beilfuss Park,Dallas,TX,(972) 846-7469
000457,242-32-1789,Sara,Graham,sgrahamco@reverbnation.com,4992 Ridgeview Court,Dallas,TX,(469) 586-2569
000458,900-93-1217,Henry,Spencer,hspencercp@etsy.com,919 7th Plaza,Dallas,TX,(214) 949-3097
000459,669-83-7441,Lillian,Austin,laustincq@ask.com,8 Eagle Crest Way,Richardson,TX,(469) 980-2648
000460,989-79-1559,Jerry,Pierce,jpiercecr@reference.com,16 Charing Cross Center,Dallas,TX,(469) 546-3297
000461,336-44-7837,Emily,Ruiz,eruizcs@google.fr,1 Claremont Junction,Plano,TX,(214) 961-5149
000462,928-58-0480,Lillian,Baker,lbakerct@ft.com,111 Village Plaza,Richardson,TX,(469) 643-7532
000463,186-05-2080,Ruth,Butler,rbutlercu@51.la,41052 Waubesa Lane,Richardson,TX,(972) 760-5201
000464,922-11-3673,Catherine,Welch,cwelchcv@bluehost.com,666 Kim Crossing,Dallas,TX,(972) 895-2567
000465,209-54-9222,Howard,Castillo,hcastillocw@themeforest.net,4069 Oneill Point,Richardson,TX,(214) 332-8692
000466,352-50-9918,Justin,Sanders,jsanderscx@gov.uk,2 Mayer Junction,Plano,TX,(214) 883-7551
000467,651-14-8311,Ronald,Roberts,rrobertscy@stanford.edu,25 South Lane,Dallas,TX,(972) 703-1253
000468,724-31-5669,Jane,Harrison,jharrisoncz@hibu.com,8070 Clarendon Parkway,Dallas,TX,(469) 907-0689
000469,506-88-8490,Benjamin,Grant,bgrantd0@bravesites.com,89750 Kenwood Crossing,Dallas,TX,(469) 978-2012
000470,581-20-4224,Harry,Miller,hmillerd1@google.com,721 High Crossing Court,Dallas,TX,(214) 867-9998
000471,878-06-0469,Matthew,Burke,mburked2@360.cn,735 Toban Park,Plano,TX,(972) 915-3614
000472,246-12-3136,Christine,Chavez,cchavezd3@behance.net,560 Atwood Pass,Dallas,TX,(214) 937-6446
000473,938-95-9106,Eric,Hernandez,ehernandezd4@sohu.com,80149 Haas Court,Dallas,TX,(214) 905-1189
000474,734-24-8047,Diana,Jones,djonesd5@canalblog.com,499 Pearson Junction,Dallas,TX,(469) 838-4299
000475,829-11-9179,Janet,Rice,jriced6@so-net.ne.jp,35291 Bunker Hill Way,Dallas,TX,(214) 291-3432
000476,744-91-0994,Diane,Ruiz,druizd7@webs.com,36 Cambridge Park,Dallas,TX,(469) 888-5191
000477,981-13-1196,Theresa,Russell,trusselld8@ehow.com,589 Northwestern Park,Dallas,TX,(214) 851-1236
000478,770-00-5747,Wayne,Hunt,whuntd9@oracle.com,9818 Westend Center,Plano,TX,(469) 941-4660
000479,842-92-7572,Virginia,Gordon,vgordonda@example.com,76 Tony Road,Dallas,TX,(214) 913-8462
000480,737-53-3435,Gloria,Rice,gricedb@cam.ac.uk,9 Golf View Alley,Dallas,TX,(214) 920-9672
000481,451-56-2506,Mildred,Butler,mbutlerdc@xinhuanet.com,67 Westerfield Avenue,Dallas,TX,(469) 283-4838
000482,368-38-1777,Debra,West,dwestdd@ed.gov,4799 Melody Parkway,Richardson,TX,(972) 966-6826
000483,199-36-9132,Nancy,Wheeler,nwheelerde@microsoft.com,737 Doe Crossing Trail,Dallas,TX,(972) 898-3947
000484,931-76-2866,Lawrence,Stone,lstonedf@tripadvisor.com,8 Darwin Alley,Richardson,TX,(214) 949-9916
000485,371-28-8168,Rachel,Reyes,rreyesdg@tmall.com,6 Anniversary Alley,Richardson,TX,(972) 939-6714
000486,435-69-4707,Amanda,Simpson,asimpsondh@gnu.org,15 Dixon Street,Dallas,TX,(972) 740-1910
000487,235-32-3985,Lori,Carroll,lcarrolldi@networkadvertising.org,213 Forest Point,Dallas,TX,(469) 958-8957
000488,148-55-6625,Bobby,Austin,baustindj@unesco.org,62352 Pankratz Road,Richardson,TX,(972) 912-7272
000489,253-35-6885,Brenda,Carpenter,bcarpenterdk@slashdot.org,6664 Prairie Rose Point,Dallas,TX,(214) 986-1471
000490,817-44-1979,Sharon,Mason,smasondl@google.pl,33 Moulton Lane,Dallas,TX,(972) 901-1745
000491,639-31-4924,Joshua,Ross,jrossdm@netvibes.com,4376 Kropf Road,Dallas,TX,(214) 915-4707
000492,926-53-1333,Melissa,Mccoy,mmccoydn@fc2.com,08770 Moland Lane,Richardson,TX,(469) 926-4571
000493,728-54-9849,Bobby,Kelly,bkellydo@altervista.org,79 Burning Wood Pass,Dallas,TX,(214) 860-1350
000494,846-65-0817,Jennifer,Ortiz,jortizdp@ucoz.com,25989 Mccormick Drive,Dallas,TX,(469) 874-7030
000495,810-70-4323,Chris,Carter,ccarterdq@comsenz.com,50486 Grim Alley,Dallas,TX,(469) 916-1204
000496,919-26-6378,Christopher,Gonzales,cgonzalesdr@arizona.edu,49163 Moose Point,Dallas,TX,(214) 959-6901
000497,966-29-4430,Albert,Gibson,agibsonds@uol.com.br,90 Lillian Trail,Dallas,TX,(469) 951-7990
000498,435-99-9670,Doris,Rose,drosedt@newyorker.com,1891 Melrose Terrace,Richardson,TX,(972) 849-4915
000499,416-21-6778,Marilyn,Jordan,mjordandu@technorati.com,61 Eagle Crest Junction,Richardson,TX,(214) 796-3512
000500,306-68-0158,Joe,Bowman,jbowmandv@marketwatch.com,26225 8th Road,Dallas,TX,(972) 882-8221
000501,840-12-3188,Denise,Price,dpricedw@sfgate.com,46 Knutson Drive,Richardson,TX,(972) 488-9450
000502,332-41-0512,Evelyn,Edwards,eedwardsdx@arstechnica.com,7867 Nancy Park,Dallas,TX,(972) 209-1095
000503,196-02-7403,Kimberly,Hernandez,khernandezdy@parallels.com,2 Buell Drive,Dallas,TX,(469) 779-6890
000504,388-55-1450,Norma,Boyd,nboyddz@hao123.com,35 Service Court,Dallas,TX,(972) 833-7491
000505,395-16-7095,Sharon,Ramos,sramose0@quantcast.com,39 Daystar Hill,Dallas,TX,(214) 898-7050
000506,541-25-5056,Rachel,Riley,rrileye1@wordpress.org,01017 Jay Plaza,Dallas,TX,(972) 803-8359
000507,132-58-8039,Randy,Jenkins,rjenkinse2@mozilla.org,794 Buena Vista Road,Dallas,TX,(469) 894-9345
000508,774-38-4043,John,Clark,jclarke3@linkedin.com,0708 North Terrace,Dallas,TX,(469) 918-1359
000509,495-55-0985,Ruby,Hansen,rhansene4@acquirethisname.com,8756 Wayridge Drive,Dallas,TX,(469) 941-4442
000510,739-90-9261,Ashley,Peters,apeterse5@state.gov,28880 4th Alley,Dallas,TX,(972) 893-4339
000511,377-63-8268,Albert,Garcia,agarciae6@redcross.org,0 Maple Terrace,Plano,TX,(972) 931-7094
000512,150-30-2288,Clarence,Holmes,cholmese7@pinterest.com,291 1st Terrace,Richardson,TX,(214) 952-6641
000513,849-92-8312,Julie,Parker,jparkere8@usnews.com,3377 Dahle Street,Dallas,TX,(214) 876-9952
000514,953-43-1417,Michael,Martinez,mmartineze9@wordpress.org,0967 Melrose Avenue,Dallas,TX,(214) 935-8776
000515,337-86-8085,William,Berry,wberryea@sogou.com,9 Hagan Street,Dallas,TX,(214) 885-1966
000516,465-95-8833,Gerald,Burke,gburkeeb@squarespace.com,5175 Florence Center,Dallas,TX,(469) 999-7380
000517,960-83-9340,Linda,Rodriguez,lrodriguezec@edublogs.org,2427 Reindahl Park,Dallas,TX,(972) 664-5725
000518,709-91-1641,Terry,Stephens,tstephensed@marketwatch.com,27291 Farragut Court,Dallas,TX,(972) 890-0078
000519,423-06-4282,Timothy,Hunt,thuntee@tripadvisor.com,4219 Westport Hill,Richardson,TX,(214) 950-1960
000520,622-29-9732,Richard,Cruz,rcruzef@arizona.edu,813 Darwin Avenue,Dallas,TX,(972) 889-2210
000521,631-12-8701,Gregory,Gomez,ggomezeg@free.fr,3993 American Circle,Dallas,TX,(972) 867-8273
000522,699-59-0681,Louise,Garza,lgarzaeh@naver.com,14760 Bobwhite Terrace,Dallas,TX,(469) 893-7918
000523,762-63-8070,James,Adams,jadamsei@mlb.com,055 Alpine Way,Richardson,TX,(972) 925-4501
000524,149-42-1309,Victor,Gardner,vgardnerej@yahoo.com,12141 Corscot Junction,Dallas,TX,(972) 962-2925
000525,531-67-5941,Ernest,Lane,elaneek@army.mil,66226 Nova Way,Plano,TX,(469) 999-6823
000526,156-63-1943,Joe,Griffin,jgriffinel@google.ca,205 Fuller Plaza,Dallas,TX,(469) 912-4055
000527,664-38-4205,Sean,Kelly,skellyem@typepad.com,3 Gerald Court,Dallas,TX,(214) 970-9971
000528,662-87-7945,Angela,Turner,aturneren@xrea.com,53 Colorado Pass,Plano,TX,(469) 945-2673
000529,678-62-8472,Jerry,Howard,jhowardeo@sohu.com,68198 Monterey Parkway,Dallas,TX,(972) 936-3734
000530,216-37-2770,Ashley,Lopez,alopezep@ucla.edu,405 Hovde Way,Dallas,TX,(972) 956-4194
000531,302-51-0303,Albert,Marshall,amarshalleq@miibeian.gov.cn,933 Claremont Avenue,Dallas,TX,(972) 771-8796
000532,194-03-3629,Michelle,Williams,mwilliamser@ask.com,07 Marquette Road,Dallas,TX,(469) 921-7056
000533,303-31-8810,Sharon,Wells,swellses@youtube.com,23 Twin Pines Parkway,Dallas,TX,(972) 841-5472
000534,785-25-4186,Doris,Gordon,dgordonet@springer.com,358 Pearson Court,Dallas,TX,(469) 945-1043
000535,395-22-8160,Patricia,Long,plongeu@abc.net.au,76 Jana Place,Plano,TX,(469) 711-2650
000536,374-21-6461,Helen,Lee,hleeev@theglobeandmail.com,65137 Summerview Crossing,Dallas,TX,(469) 656-8757
000537,746-77-1077,Kimberly,Collins,kcollinsew@omniture.com,9629 Delaware Crossing,Dallas,TX,(469) 789-3606
000538,376-27-2540,Mary,Dunn,mdunnex@google.ru,6848 Sunbrook Parkway,Dallas,TX,(214) 961-2821
000539,756-45-3967,Amy,Harper,aharperey@hud.gov,5863 Boyd Drive,Dallas,TX,(214) 988-3185
000540,873-25-3246,Bobby,Long,blongez@xrea.com,35 Paget Circle,Plano,TX,(214) 910-1295
000541,447-50-8678,Sara,Young,syoungf0@de.vu,71916 Sherman Point,Plano,TX,(972) 918-2624
000542,303-61-3106,Kathy,Oliver,koliverf1@tinyurl.com,0 Victoria Junction,Dallas,TX,(972) 784-8364
000543,693-54-6232,Ruby,Ray,rrayf2@usatoday.com,17 Hermina Point,Dallas,TX,(214) 987-1219
000544,107-16-4727,Lori,Schmidt,lschmidtf3@1und1.de,181 Rowland Hill,Dallas,TX,(469) 786-6455
000545,160-60-2907,Raymond,Fox,rfoxf4@infoseek.co.jp,1 Farwell Avenue,Dallas,TX,(214) 986-0132
000546,192-57-3114,Nancy,Turner,nturnerf5@timesonline.co.uk,1 Vermont Alley,Dallas,TX,(214) 984-4444
000547,214-13-7727,Gregory,Richards,grichardsf6@google.nl,9 Vidon Street,Dallas,TX,(214) 911-5776
000548,480-37-2448,Lawrence,Perez,lperezf7@dagondesign.com,6441 Derek Junction,Dallas,TX,(972) 932-7049
000549,279-03-2319,Thomas,Pierce,tpiercef8@people.com.cn,73803 Prairieview Alley,Dallas,TX,(214) 837-7005
000550,860-31-5301,Steve,Larson,slarsonf9@economist.com,6 Nobel Trail,Dallas,TX,(469) 818-8073
000551,375-32-0893,Aaron,Coleman,acolemanfa@creativecommons.org,62 Golden Leaf Crossing,Plano,TX,(972) 965-7245
000552,335-17-5061,Joe,Daniels,jdanielsfb@who.int,916 Marcy Way,Richardson,TX,(972) 852-7588
000553,273-16-3483,Theresa,Porter,tporterfc@mozilla.org,8868 Blaine Pass,Dallas,TX,(214) 841-2263
000554,690-78-4766,Kathleen,Crawford,kcrawfordfd@google.es,44 Elmside Place,Dallas,TX,(214) 466-2521
000555,371-48-9808,Joe,Bradley,jbradleyfe@cyberchimps.com,90362 Kipling Plaza,Dallas,TX,(214) 934-9993
000556,957-05-0987,Paul,Jacobs,pjacobsff@typepad.com,512 Tennessee Place,Dallas,TX,(214) 842-8747
000557,229-10-8054,Andrew,Reid,areidfg@yandex.ru,7654 Moland Terrace,Dallas,TX,(972) 610-4548
000558,714-89-8210,Ralph,George,rgeorgefh@squarespace.com,072 Merchant Trail,Dallas,TX,(972) 917-6796
000559,401-33-5380,Jeremy,Brown,jbrownfi@biblegateway.com,2 Old Shore Park,Plano,TX,(469) 982-3476
000560,953-58-5532,Nicholas,Kennedy,nkennedyfj@geocities.com,2067 Jana Parkway,Dallas,TX,(214) 951-6843
000561,818-63-4715,Ronald,Wells,rwellsfk@cbslocal.com,37 Prairieview Parkway,Plano,TX,(469) 672-3875
000562,984-16-0277,Albert,Gilbert,agilbertfl@dion.ne.jp,7169 Scoville Avenue,Dallas,TX,(972) 599-7668
000563,762-90-9837,Jason,Turner,jturnerfm@google.com.hk,208 Summit Park,Dallas,TX,(972) 919-7729
000564,229-26-6155,Arthur,Spencer,aspencerfn@pinterest.com,624 Kropf Terrace,Dallas,TX,(469) 790-4776
000565,673-35-9377,Bonnie,Ray,brayfo@soup.io,20935 Vahlen Pass,Dallas,TX,(469) 690-0504
000566,414-82-6319,Carol,Ryan,cryanfp@boston.com,43 Sloan Avenue,Dallas,TX,(469) 959-3742
000567,832-18-4025,Kevin,Little,klittlefq@nasa.gov,244 Tony Center,Dallas,TX,(214) 865-6806
000568,562-28-1756,Todd,Hall,thallfr@wp.com,3896 Corscot Circle,Dallas,TX,(214) 623-7406
000569,243-20-4627,Ralph,Hart,rhartfs@tamu.edu,16083 Lillian Crossing,Dallas,TX,(469) 916-1028
000570,152-91-1428,Ruby,Martin,rmartinft@omniture.com,6 Merry Trail,Dallas,TX,(469) 781-1733
000571,200-92-4036,Julia,Kim,jkimfu@apache.org,30 Corscot Terrace,Richardson,TX,(972) 826-8872
000572,869-20-2424,Lawrence,Reyes,lreyesfv@t-online.de,70001 Lunder Pass,Plano,TX,(469) 952-7199
000573,766-56-6664,Ronald,Rivera,rriverafw@umn.edu,0 Fuller Trail,Dallas,TX,(469) 977-6988
000574,966-33-9584,Kenneth,Medina,kmedinafx@cocolog-nifty.com,652 Melody Avenue,Dallas,TX,(469) 815-2235
000575,761-70-9256,Angela,Clark,aclarkfy@gravatar.com,916 Elka Place,Dallas,TX,(972) 726-9437
000576,191-21-0161,Diane,Brown,dbrownfz@rakuten.co.jp,4221 Petterle Junction,Plano,TX,(972) 633-7951
000577,597-21-1875,Jack,Ward,jwardg0@ustream.tv,00625 Warner Street,Dallas,TX,(972) 802-4440
000578,175-99-0098,Roger,Powell,rpowellg1@free.fr,48387 Corben Junction,Dallas,TX,(214) 803-6520
000579,541-56-2611,Rachel,Cook,rcookg2@bing.com,214 Eastwood Hill,Dallas,TX,(214) 862-3951
000580,454-07-8145,Karen,Burke,kburkeg3@edublogs.org,09242 Victoria Plaza,Dallas,TX,(469) 897-7697
000581,947-35-1972,Kimberly,Robinson,krobinsong4@blog.com,26233 Oneill Junction,Dallas,TX,(214) 810-2174
000582,679-65-6095,Samuel,Bryant,sbryantg5@about.me,95 Pearson Pass,Dallas,TX,(972) 509-6994
000583,522-26-5924,Russell,Berry,rberryg6@icio.us,27 Moose Plaza,Plano,TX,(214) 969-7916
000584,624-87-7517,Paula,Frazier,pfrazierg7@i2i.jp,713 Havey Court,Dallas,TX,(469) 704-7407
000585,502-80-0344,Anna,Rice,ariceg8@springer.com,9 Lunder Center,Dallas,TX,(469) 960-1948
000586,385-99-4195,Diane,Stanley,dstanleyg9@amazon.com,96 Roth Hill,Richardson,TX,(214) 955-8100
000587,678-08-8971,Billy,Snyder,bsnyderga@i2i.jp,8170 Clarendon Crossing,Dallas,TX,(972) 883-8736
000588,850-26-9485,Juan,Bailey,jbaileygb@japanpost.jp,6 Logan Crossing,Plano,TX,(972) 954-9785
000589,119-17-4689,Patricia,Green,pgreengc@mtv.com,27001 Mayfield Street,Dallas,TX,(972) 880-1670
000590,640-57-8903,Louise,Harrison,lharrisongd@bloomberg.com,4383 Forest Dale Hill,Plano,TX,(972) 591-6825
000591,915-81-5067,Scott,Cunningham,scunninghamge@latimes.com,1312 Kinsman Terrace,Dallas,TX,(469) 940-8227
000592,287-08-2149,Steve,White,swhitegf@fc2.com,57 Vera Lane,Dallas,TX,(972) 573-3704
000593,915-62-6265,Brandon,Jones,bjonesgg@loc.gov,8845 Blackbird Terrace,Dallas,TX,(214) 982-8588
000594,622-62-2819,Rebecca,Reed,rreedgh@google.de,012 Sunbrook Place,Plano,TX,(469) 800-1493
000595,330-90-1862,Kelly,Hawkins,khawkinsgi@prweb.com,517 Bay Crossing,Dallas,TX,(972) 839-2019
000596,159-37-4167,Kenneth,Hudson,khudsongj@rambler.ru,16 Porter Trail,Dallas,TX,(972) 977-7399
000597,332-96-2350,Tammy,Butler,tbutlergk@mtv.com,0897 Amoth Hill,Dallas,TX,(214) 934-8616
000598,179-13-6812,Steven,Lane,slanegl@unc.edu,0185 Hollow Ridge Street,Dallas,TX,(214) 993-0045
000599,640-94-5337,Jean,West,jwestgm@buzzfeed.com,5487 Tomscot Place,Plano,TX,(214) 814-4521
000600,381-83-4152,Keith,Mason,kmasongn@tripadvisor.com,1 Norway Maple Park,Richardson,TX,(469) 237-7698
000601,480-06-1832,Jose,Morales,jmoralesgo@ed.gov,36703 Pennsylvania Center,Dallas,TX,(214) 936-8952
000602,360-26-2573,Johnny,Harris,jharrisgp@apple.com,816 Ramsey Pass,Dallas,TX,(214) 800-8878
000603,271-80-3746,Harold,Romero,hromerogq@trellian.com,864 Clove Plaza,Dallas,TX,(972) 958-7058
000604,161-60-2246,Jose,Phillips,jphillipsgr@wiley.com,726 Farwell Road,Dallas,TX,(469) 922-7795
000605,968-21-3159,Tina,Nguyen,tnguyengs@diigo.com,7814 Fairview Avenue,Dallas,TX,(214) 858-2813
000606,994-00-7169,Michelle,Hill,mhillgt@taobao.com,70 Jana Plaza,Plano,TX,(214) 805-4933
000607,164-07-0343,Henry,Powell,hpowellgu@symantec.com,1 Arapahoe Plaza,Dallas,TX,(469) 861-9090
000608,491-05-7221,Donna,Nelson,dnelsongv@reverbnation.com,4 Homewood Alley,Dallas,TX,(469) 700-9754
000609,511-95-4134,Louis,Perry,lperrygw@hatena.ne.jp,1655 Heffernan Pass,Dallas,TX,(214) 820-3573
000610,196-78-4374,Paul,Lee,pleegx@google.de,41406 Ridge Oak Parkway,Dallas,TX,(972) 810-6175
000611,112-60-2094,Diana,King,dkinggy@bluehost.com,65113 Saint Paul Court,Dallas,TX,(972) 748-9174
000612,376-03-6774,Evelyn,Campbell,ecampbellgz@unblog.fr,68 Mifflin Court,Dallas,TX,(214) 743-4130
000613,277-81-5111,Louis,Howard,lhowardh0@purevolume.com,0 Lyons Park,Dallas,TX,(972) 941-3029
000614,658-05-1653,Irene,Robinson,irobinsonh1@howstuffworks.com,04 Fairfield Parkway,Dallas,TX,(469) 943-6537
000615,155-87-2365,Alice,Armstrong,aarmstrongh2@tumblr.com,7068 Derek Alley,Dallas,TX,(214) 911-6490
000616,665-02-8900,Eugene,Woods,ewoodsh3@mit.edu,56245 Graceland Way,Dallas,TX,(972) 832-8839
000617,670-32-5349,Louis,Taylor,ltaylorh4@bloglines.com,09508 Thackeray Center,Dallas,TX,(214) 932-0979
000618,416-31-2379,Deborah,Owens,dowensh5@domainmarket.com,12322 Hayes Center,Dallas,TX,(214) 971-1946
000619,346-41-4220,Marilyn,Collins,mcollinsh6@booking.com,305 1st Crossing,Dallas,TX,(972) 927-4971
000620,475-06-7256,Virginia,Gonzalez,vgonzalezh7@list-manage.com,03722 Huxley Point,Dallas,TX,(214) 864-3430
000621,701-28-5911,Helen,Ryan,hryanh8@nps.gov,51 Kennedy Parkway,Dallas,TX,(214) 988-0720
000622,646-84-1183,John,Myers,jmyersh9@pen.io,4 Mendota Junction,Dallas,TX,(214) 437-0969
000623,748-14-1656,Mary,Collins,mcollinsha@prweb.com,261 Almo Alley,Dallas,TX,(469) 987-5918
000624,802-79-0419,Raymond,Carter,rcarterhb@dmoz.org,71 Eastwood Way,Dallas,TX,(972) 891-0800
000625,124-07-9804,Mary,Ramos,mramoshc@tripod.com,6 Anderson Lane,Plano,TX,(214) 989-0536
000626,311-30-5644,Kathy,Ferguson,kfergusonhd@hibu.com,20 7th Place,Dallas,TX,(214) 607-7944
000627,156-04-8304,Clarence,Morales,cmoraleshe@joomla.org,4645 Homewood Trail,Plano,TX,(214) 900-0324
000628,590-28-7564,Teresa,Campbell,tcampbellhf@si.edu,0241 Bultman Point,Dallas,TX,(214) 930-0030
000629,157-33-0075,Roger,Nguyen,rnguyenhg@hc360.com,249 Marquette Center,Dallas,TX,(972) 931-8604
000630,326-20-8507,Phyllis,Long,plonghh@cnn.com,9 Bluestem Circle,Dallas,TX,(972) 661-7458
000631,536-17-5051,Michael,Taylor,mtaylorhi@bandcamp.com,18398 Florence Place,Dallas,TX,(972) 833-7591
000632,906-45-2011,John,Watkins,jwatkinshj@webeden.co.uk,1669 Ridgeview Hill,Richardson,TX,(214) 925-0299
000633,336-89-2349,Carolyn,Garcia,cgarciahk@typepad.com,9 Dapin Trail,Dallas,TX,(214) 920-2780
000634,255-25-6148,Donald,Phillips,dphillipshl@google.fr,7 Alpine Alley,Dallas,TX,(214) 813-6913
000635,292-88-0298,Deborah,Watson,dwatsonhm@bluehost.com,75 Carey Parkway,Dallas,TX,(469) 809-1498
000636,640-78-6255,Annie,Shaw,ashawhn@answers.com,66820 Bunting Plaza,Dallas,TX,(972) 965-6678
000637,847-47-8564,Alan,Price,apriceho@tinyurl.com,84 Rutledge Junction,Dallas,TX,(972) 776-5854
000638,126-26-3636,Kathryn,Morrison,kmorrisonhp@oracle.com,59100 Onsgard Crossing,Dallas,TX,(972) 875-1440
000639,471-61-6333,Christopher,Johnson,cjohnsonhq@hp.com,777 Ludington Terrace,Dallas,TX,(972) 679-9556
000640,439-03-8518,Joshua,Bishop,jbishophr@si.edu,0 Grim Place,Dallas,TX,(214) 600-5143
000641,391-22-2309,Ernest,Jones,ejoneshs@liveinternet.ru,8085 Weeping Birch Alley,Dallas,TX,(972) 948-1978
000642,897-34-6632,Melissa,Banks,mbanksht@google.es,578 Reindahl Trail,Dallas,TX,(972) 993-2150
000643,985-72-2421,Arthur,Lane,alanehu@admin.ch,26696 Steensland Court,Plano,TX,(214) 959-8756
000644,325-85-6108,Joyce,Perkins,jperkinshv@nhs.uk,8 Bluestem Park,Dallas,TX,(972) 942-5394
000645,506-85-1419,Judith,Sullivan,jsullivanhw@nifty.com,95194 Badeau Trail,Dallas,TX,(972) 890-8729
000646,103-27-3706,Billy,Johnson,bjohnsonhx@si.edu,95272 Kensington Plaza,Dallas,TX,(972) 823-5333
000647,378-57-9726,Marie,Bell,mbellhy@ucoz.com,74 Anderson Avenue,Dallas,TX,(469) 991-0533
000648,764-94-7005,Jimmy,Ford,jfordhz@cpanel.net,14311 Merchant Court,Dallas,TX,(469) 937-3556
000649,667-37-5162,Alice,Mccoy,amccoyi0@ifeng.com,6 Nelson Avenue,Dallas,TX,(469) 848-7697
000650,946-02-5323,Richard,Matthews,rmatthewsi1@chronoengine.com,121 Warrior Alley,Dallas,TX,(972) 963-0887
000651,143-59-3681,Daniel,Foster,dfosteri2@nymag.com,84 Charing Cross Avenue,Dallas,TX,(972) 838-0899
000652,251-35-0397,Earl,Banks,ebanksi3@theglobeandmail.com,0 Lindbergh Place,Dallas,TX,(972) 921-9987
000653,709-47-1259,Scott,Rogers,srogersi4@reverbnation.com,9 Gulseth Circle,Dallas,TX,(469) 936-7824
000654,211-17-9786,Richard,Baker,rbakeri5@merriam-webster.com,68093 Ridge Oak Junction,Dallas,TX,(972) 957-8835
000655,375-17-9234,Robin,Mcdonald,rmcdonaldi6@unblog.fr,3407 Old Gate Circle,Dallas,TX,(972) 858-2976
000656,512-45-0642,Victor,Riley,vrileyi7@devhub.com,219 Fair Oaks Park,Dallas,TX,(214) 932-7141
000657,727-22-0778,Anne,Lopez,alopezi8@samsung.com,62 Truax Terrace,Dallas,TX,(972) 987-8304
000658,315-71-5729,Margaret,Fisher,mfisheri9@goodreads.com,53744 Prentice Alley,Dallas,TX,(469) 711-2192
000659,897-19-4834,Amanda,Perkins,aperkinsia@360.cn,629 Troy Way,Dallas,TX,(972) 937-2368
000660,619-76-5825,Linda,Perry,lperryib@eepurl.com,83189 Esch Circle,Dallas,TX,(214) 865-3742
000661,272-90-8955,Wanda,Lawrence,wlawrenceic@newsvine.com,6239 Mandrake Alley,Dallas,TX,(214) 772-4765
000662,100-07-8344,Tina,Mitchell,tmitchellid@multiply.com,42613 Pankratz Hill,Dallas,TX,(972) 791-8636
000663,392-34-3414,Jacqueline,Gordon,jgordonie@bloglovin.com,3603 Vernon Junction,Dallas,TX,(972) 979-5379
000664,850-03-5811,Betty,Hunt,bhuntif@yahoo.com,79 Welch Court,Dallas,TX,(214) 615-4372
000665,190-47-5767,Kevin,Webb,kwebbig@aol.com,156 Lukken Lane,Dallas,TX,(214) 947-7416
000666,529-87-4076,Joshua,Evans,jevansih@forbes.com,225 Dixon Center,Richardson,TX,(214) 882-4750
000667,836-54-2070,Kathleen,Peters,kpetersii@ameblo.jp,5024 Park Meadow Park,Dallas,TX,(214) 838-2643
000668,265-54-1326,Marie,Mason,mmasonij@mapy.cz,651 Cody Trail,Dallas,TX,(972) 918-8605
000669,941-12-6153,Jean,Morrison,jmorrisonik@nhs.uk,68 Stuart Parkway,Dallas,TX,(972) 767-8868
000670,190-47-8274,Daniel,Hudson,dhudsonil@networksolutions.com,16609 Oak Valley Plaza,Dallas,TX,(214) 921-7666
000671,318-20-1054,Judith,Dixon,jdixonim@odnoklassniki.ru,8 Almo Court,Dallas,TX,(972) 908-2892
000672,963-64-2281,Roy,Morales,rmoralesin@chronoengine.com,05025 Muir Point,Dallas,TX,(972) 635-1013
000673,531-84-3873,Justin,Marshall,jmarshallio@quantcast.com,972 Crownhardt Circle,Plano,TX,(469) 778-6036
000674,635-15-6122,Gregory,Smith,gsmithip@house.gov,59810 Erie Circle,Dallas,TX,(972) 868-0952
000675,552-29-0884,Deborah,Reed,dreediq@sitemeter.com,426 Swallow Hill,Richardson,TX,(214) 981-2497
000676,578-14-7271,Pamela,King,pkingir@google.es,1754 Pennsylvania Way,Plano,TX,(214) 989-0559
000677,520-65-9256,Alan,Welch,awelchis@biblegateway.com,1102 Magdeline Court,Richardson,TX,(469) 984-4212
000678,393-11-9047,Samuel,Moore,smooreit@sina.com.cn,41307 Grasskamp Drive,Dallas,TX,(972) 850-8906
000679,343-72-6326,Katherine,Holmes,kholmesiu@paypal.com,0 Rowland Avenue,Dallas,TX,(972) 954-3190
000680,900-26-2190,Harold,Williams,hwilliamsiv@paginegialle.it,7576 Vermont Plaza,Dallas,TX,(214) 889-7673
000681,133-85-2262,Evelyn,Nguyen,enguyeniw@marketwatch.com,590 Independence Circle,Dallas,TX,(469) 746-7480
000682,824-55-4537,Joe,Cooper,jcooperix@livejournal.com,1421 Linden Avenue,Plano,TX,(469) 977-1179
000683,784-92-2076,Helen,Fernandez,hfernandeziy@google.ru,70499 Michigan Circle,Dallas,TX,(469) 831-8504
000684,151-58-6475,Nicholas,Gibson,ngibsoniz@ebay.com,2454 Clemons Crossing,Plano,TX,(972) 906-3742
000685,122-74-8518,Angela,Tucker,atuckerj0@who.int,50 Brentwood Crossing,Dallas,TX,(972) 650-5349
000686,917-44-4969,Amy,Washington,awashingtonj1@miibeian.gov.cn,93083 Elka Lane,Dallas,TX,(972) 817-2285
000687,688-02-5499,Gregory,Sanchez,gsanchezj2@psu.edu,230 Briar Crest Road,Dallas,TX,(972) 860-8215
000688,941-81-2456,Terry,Kennedy,tkennedyj3@boston.com,55 Summer Ridge Point,Dallas,TX,(214) 945-1527
000689,370-79-5137,Charles,Bradley,cbradleyj4@nature.com,10 Kenwood Avenue,Dallas,TX,(214) 763-4487
000690,972-75-6100,Judy,Gilbert,jgilbertj5@pinterest.com,0 Roth Alley,Dallas,TX,(214) 917-8414
000691,820-05-9916,Paul,Chapman,pchapmanj6@cam.ac.uk,57011 Reindahl Terrace,Richardson,TX,(469) 918-9529
000692,536-88-7676,Cheryl,Taylor,ctaylorj7@simplemachines.org,4916 Stang Hill,Plano,TX,(469) 602-9760
000693,753-82-4781,Linda,Nelson,lnelsonj8@sphinn.com,46 Lukken Hill,Dallas,TX,(214) 728-3594
000694,617-28-1448,Edward,Harvey,eharveyj9@geocities.com,2989 Leroy Point,Dallas,TX,(469) 999-8714
000695,735-50-3554,Carolyn,Chapman,cchapmanja@topsy.com,9524 Amoth Lane,Dallas,TX,(214) 947-2089
000696,525-50-2241,Jack,Hudson,jhudsonjb@google.cn,2 Claremont Drive,Dallas,TX,(972) 544-4023
000697,534-11-4411,Adam,Gardner,agardnerjc@huffingtonpost.com,907 Corben Alley,Dallas,TX,(214) 548-0751
000698,363-38-9674,Julia,Pierce,jpiercejd@simplemachines.org,8 Heath Avenue,Richardson,TX,(469) 701-5525
000699,407-53-1627,Janet,Robertson,jrobertsonje@blogspot.com,20 Mesta Plaza,Dallas,TX,(214) 836-2849
000700,240-04-1102,Maria,Romero,mromerojf@bandcamp.com,188 Loeprich Drive,Richardson,TX,(214) 845-7095
000701,472-98-6371,Diana,Rogers,drogersjg@paypal.com,58 Welch Place,Dallas,TX,(469) 502-6533
000702,663-09-0104,Evelyn,Carter,ecarterjh@wikia.com,8 Fair Oaks Alley,Plano,TX,(469) 825-0017
000703,535-55-5684,Bruce,Armstrong,barmstrongji@senate.gov,9 Memorial Junction,Plano,TX,(214) 875-5764
000704,325-18-4093,Janice,Matthews,jmatthewsjj@ning.com,967 Mifflin Center,Dallas,TX,(469) 914-7781
000705,371-06-4026,Mildred,Nelson,mnelsonjk@mediafire.com,9598 Union Terrace,Dallas,TX,(972) 452-3908
000706,222-63-3734,Shawn,Robertson,srobertsonjl@list-manage.com,6590 Holy Cross Way,Dallas,TX,(972) 656-2026
000707,276-49-3884,Elizabeth,Tucker,etuckerjm@lulu.com,65 Fulton Court,Dallas,TX,(214) 987-6456
000708,122-23-9319,Dorothy,Harper,dharperjn@icio.us,83 Boyd Center,Dallas,TX,(214) 827-1293
000709,323-59-6505,Jack,Woods,jwoodsjo@nps.gov,10 Crest Line Pass,Dallas,TX,(214) 942-9460
000710,436-60-5376,Eric,Jordan,ejordanjp@oaic.gov.au,154 Redwing Way,Richardson,TX,(469) 924-3271
000711,283-97-2577,Marilyn,Taylor,mtaylorjq@marketwatch.com,57 Farmco Park,Dallas,TX,(214) 806-7627
000712,248-17-2518,Timothy,Edwards,tedwardsjr@addtoany.com,109 Larry Road,Dallas,TX,(214) 974-9365
000713,637-48-2284,Carol,Welch,cwelchjs@apple.com,121 Ohio Road,Dallas,TX,(214) 821-0016
000714,164-19-4566,Sandra,Reed,sreedjt@constantcontact.com,1876 Westend Court,Plano,TX,(469) 896-9764
000715,498-44-8648,Jason,Dunn,jdunnju@sakura.ne.jp,90950 Sherman Way,Richardson,TX,(972) 712-6791
000716,741-86-2253,Paula,Jordan,pjordanjv@va.gov,0 Schurz Lane,Dallas,TX,(214) 956-1394
000717,694-72-1725,Willie,Hernandez,whernandezjw@sakura.ne.jp,46 Bluejay Crossing,Dallas,TX,(469) 869-1585
000718,500-83-0564,Chris,Phillips,cphillipsjx@un.org,2563 Macpherson Avenue,Dallas,TX,(214) 795-5477
000719,849-33-1958,Juan,Hayes,jhayesjy@shinystat.com,5 Melvin Junction,Dallas,TX,(469) 666-0063
000720,398-41-8926,Helen,Lopez,hlopezjz@blogs.com,2 Maryland Park,Richardson,TX,(214) 904-8793
000721,642-59-9156,Justin,Porter,jporterk0@biblegateway.com,66 Lerdahl Street,Dallas,TX,(469) 820-0587
000722,236-99-9327,Johnny,Garcia,jgarciak1@so-net.ne.jp,85 Sloan Street,Dallas,TX,(469) 962-1344
000723,590-51-2989,Katherine,Taylor,ktaylork2@uiuc.edu,00 Carey Alley,Dallas,TX,(469) 755-0265
000724,847-74-4073,Jacqueline,Howell,jhowellk3@yale.edu,30 Meadow Valley Trail,Dallas,TX,(972) 817-4256
000725,743-83-9247,Earl,Richards,erichardsk4@mysql.com,431 Birchwood Court,Dallas,TX,(214) 959-4661
000726,482-29-7565,Clarence,Woods,cwoodsk5@patch.com,7 Schiller Road,Plano,TX,(214) 913-1723
000727,209-78-7735,Jessica,Gonzales,jgonzalesk6@baidu.com,645 Rutledge Road,Dallas,TX,(972) 938-3645
000728,831-59-6111,Matthew,Warren,mwarrenk7@g.co,4561 Texas Lane,Dallas,TX,(972) 971-6529
000729,280-98-5533,Kathy,Smith,ksmithk8@thetimes.co.uk,8726 Packers Parkway,Dallas,TX,(214) 953-4343
000730,925-63-9699,Keith,Collins,kcollinsk9@amazonaws.com,99196 Surrey Court,Dallas,TX,(214) 788-7439
000731,556-38-3135,Joan,Garrett,jgarrettka@ycombinator.com,43 Scoville Pass,Plano,TX,(972) 954-7260
000732,434-71-8048,Diane,Little,dlittlekb@odnoklassniki.ru,11 Donald Road,Plano,TX,(469) 688-9174
000733,372-72-3479,Wanda,Mendoza,wmendozakc@marketwatch.com,34327 Sunbrook Hill,Dallas,TX,(469) 569-6125
000734,657-61-4433,Martin,Nguyen,mnguyenkd@elpais.com,08974 Bowman Way,Dallas,TX,(469) 996-7003
000735,967-28-8561,Donald,Andrews,dandrewske@yandex.ru,8 Kennedy Terrace,Dallas,TX,(972) 828-3356
000736,895-97-4019,Ruth,Weaver,rweaverkf@wiley.com,46239 Kipling Terrace,Dallas,TX,(214) 802-4320
000737,469-60-9195,Patricia,Gilbert,pgilbertkg@nature.com,43 Mariners Cove Center,Dallas,TX,(214) 814-7712
000738,286-87-5683,Carlos,Ford,cfordkh@dell.com,0 Dovetail Avenue,Dallas,TX,(214) 658-8568
000739,988-74-6162,Louise,Arnold,larnoldki@ucoz.ru,55 Mandrake Crossing,Dallas,TX,(972) 903-4805
000740,284-97-8780,Henry,Nichols,hnicholskj@loc.gov,08 Oak Valley Park,Richardson,TX,(214) 941-0961
000741,186-84-1844,Kathleen,Hayes,khayeskk@amazon.com,72 Mcguire Road,Dallas,TX,(469) 895-4109
000742,458-94-0428,Bonnie,Mccoy,bmccoykl@blinklist.com,83175 Cottonwood Way,Dallas,TX,(214) 913-2990
000743,419-29-8694,Jerry,Montgomery,jmontgomerykm@soundcloud.com,10 Northland Plaza,Dallas,TX,(214) 826-7806
000744,219-67-5666,Jessica,Mccoy,jmccoykn@discuz.net,09315 Trailsway Court,Dallas,TX,(214) 918-2939
000745,372-21-0737,Jean,Ryan,jryanko@npr.org,801 Hooker Center,Richardson,TX,(214) 998-5831
000746,338-73-5511,Joyce,Clark,jclarkkp@wp.com,360 Hovde Way,Dallas,TX,(469) 853-7767
000747,593-87-1261,Marilyn,Cruz,mcruzkq@yandex.ru,4 Esker Plaza,Dallas,TX,(469) 947-7763
000748,132-70-2552,Christine,Young,cyoungkr@devhub.com,70 Meadow Valley Pass,Richardson,TX,(972) 989-7753
000749,795-84-3330,Marie,Phillips,mphillipsks@surveymonkey.com,8 Pleasure Drive,Dallas,TX,(469) 603-0113
000750,645-65-7799,Ann,Bryant,abryantkt@sohu.com,451 Sundown Drive,Dallas,TX,(214) 940-1980
000751,338-60-5273,Bruce,Bailey,bbaileyku@amazon.de,1228 Warner Hill,Dallas,TX,(972) 785-6558
000752,171-35-4592,Julie,Fields,jfieldskv@epa.gov,0 Hayes Alley,Dallas,TX,(214) 226-5537
000753,872-37-7791,Gregory,Schmidt,gschmidtkw@odnoklassniki.ru,998 Merchant Circle,Dallas,TX,(972) 990-8419
000754,264-34-8300,Marilyn,Ryan,mryankx@abc.net.au,877 Forster Lane,Dallas,TX,(469) 900-2911
000755,361-84-6572,Julia,Long,jlongky@tuttocitta.it,472 Forest Trail,Dallas,TX,(972) 934-8954
000756,538-33-3604,Victor,Peterson,vpetersonkz@apple.com,3653 Sage Parkway,Dallas,TX,(214) 965-4668
000757,294-41-0480,Sara,Ruiz,sruizl0@fastcompany.com,75507 Center Way,Richardson,TX,(214) 988-8363
000758,286-27-4771,Roy,Barnes,rbarnesl1@google.com.hk,4505 Transport Drive,Dallas,TX,(469) 530-2193
000759,528-82-3250,Anthony,Carpenter,acarpenterl2@arizona.edu,61 Karstens Plaza,Dallas,TX,(214) 939-8741
000760,774-66-2989,Jessica,Rodriguez,jrodriguezl3@hc360.com,3969 Springview Court,Dallas,TX,(469) 846-8175
000761,147-96-7903,Craig,Carter,ccarterl4@blogger.com,3 Hayes Plaza,Dallas,TX,(214) 974-6461
000762,126-49-2208,Brandon,Ellis,bellisl5@marriott.com,9617 Summit Terrace,Dallas,TX,(469) 767-8210
000763,509-31-0770,Richard,Torres,rtorresl6@google.com.br,19723 Cherokee Drive,Dallas,TX,(972) 915-3282
000764,335-36-3231,Janet,Mcdonald,jmcdonaldl7@linkedin.com,63455 Division Park,Plano,TX,(469) 586-2793
000765,862-42-5821,Raymond,Campbell,rcampbelll8@businesswire.com,495 Mallard Street,Dallas,TX,(214) 881-9579
000766,430-93-4149,Mark,Fields,mfieldsl9@wordpress.com,03 Menomonie Junction,Dallas,TX,(972) 919-4515
000767,936-04-6604,William,Cox,wcoxla@storify.com,2 Veith Junction,Dallas,TX,(972) 897-9587
000768,795-03-9664,Ruby,Hansen,rhansenlb@disqus.com,759 Mandrake Avenue,Dallas,TX,(214) 912-1668
000769,737-18-1574,Phillip,Richards,prichardslc@ycombinator.com,29931 Northridge Trail,Dallas,TX,(972) 783-3567
000770,286-37-8304,Richard,Jordan,rjordanld@thetimes.co.uk,76466 Milwaukee Lane,Dallas,TX,(469) 998-7983
000771,314-52-2705,Marie,Perez,mperezle@mashable.com,38 Summer Ridge Court,Dallas,TX,(469) 682-4358
000772,574-79-3097,Cheryl,Butler,cbutlerlf@wiley.com,68 Maple Court,Dallas,TX,(469) 448-2582
000773,835-29-8866,Michelle,Carpenter,mcarpenterlg@reference.com,99896 New Castle Trail,Dallas,TX,(469) 780-0762
000774,496-59-9897,Adam,Cooper,acooperlh@infoseek.co.jp,74125 Laurel Center,Dallas,TX,(214) 812-8288
000775,368-19-9311,Nancy,Shaw,nshawli@prnewswire.com,347 Oak Plaza,Dallas,TX,(214) 849-5837
000776,414-22-2220,Ernest,Gomez,egomezlj@technorati.com,34530 Donald Pass,Dallas,TX,(972) 966-3976
000777,888-89-3056,Wanda,Wilson,wwilsonlk@globo.com,3 Rockefeller Point,Dallas,TX,(214) 783-6562
000778,572-70-8409,Melissa,Bailey,mbaileyll@jiathis.com,94627 Hoard Parkway,Dallas,TX,(972) 870-8953
000779,114-71-5828,Clarence,Gray,cgraylm@hc360.com,797 Merrick Way,Dallas,TX,(972) 951-5685
000780,104-43-3663,Janice,Hunter,jhunterln@dedecms.com,3 Sheridan Trail,Dallas,TX,(972) 888-0899
000781,329-05-3664,Raymond,Murray,rmurraylo@wiley.com,3083 Crescent Oaks Road,Dallas,TX,(972) 900-8986
000782,447-69-9321,Bruce,Hansen,bhansenlp@dedecms.com,88200 Johnson Alley,Dallas,TX,(214) 892-9528
000783,937-66-7915,Ryan,Mccoy,rmccoylq@ebay.co.uk,27278 American Ash Avenue,Dallas,TX,(469) 786-6255
000784,764-89-6736,Jerry,Fowler,jfowlerlr@plala.or.jp,0 Lighthouse Bay Circle,Dallas,TX,(214) 653-3127
000785,134-92-4609,Frank,Harper,fharperls@g.co,8 Fairview Drive,Dallas,TX,(972) 810-8573
000786,571-08-1675,George,Garza,ggarzalt@smh.com.au,0 Granby Lane,Dallas,TX,(469) 758-5662
000787,914-59-1431,Sharon,Olson,solsonlu@homestead.com,7705 Ridge Oak Plaza,Richardson,TX,(972) 982-4528
000788,310-91-2067,Kathryn,Reed,kreedlv@paginegialle.it,086 Bunker Hill Way,Dallas,TX,(972) 937-2108
000789,925-52-2771,Randy,Weaver,rweaverlw@1und1.de,5 Del Mar Junction,Richardson,TX,(214) 853-7737
000790,193-13-7825,Linda,Washington,lwashingtonlx@example.com,8122 Sachtjen Circle,Richardson,TX,(972) 914-5391
000791,799-37-4997,Elizabeth,Anderson,eandersonly@github.io,80 Dunning Circle,Dallas,TX,(469) 881-4443
000792,981-69-8236,Henry,Kim,hkimlz@shareasale.com,9861 Elmside Crossing,Dallas,TX,(214) 912-9599
000793,124-22-8351,Earl,Morales,emoralesm0@wiley.com,16 Manley Pass,Dallas,TX,(214) 651-0786
000794,980-98-1968,Howard,Ford,hfordm1@sfgate.com,31553 5th Place,Richardson,TX,(972) 940-7458
000795,486-25-9016,Tammy,Fox,tfoxm2@1688.com,29405 Hauk Road,Dallas,TX,(214) 997-3240
000796,765-53-6457,Sarah,Hicks,shicksm3@goodreads.com,38 Lighthouse Bay Pass,Plano,TX,(214) 901-9314
000797,750-87-6481,Diana,Montgomery,dmontgomerym4@google.nl,2 Welch Parkway,Dallas,TX,(214) 603-6856
000798,796-84-4632,Joan,Boyd,jboydm5@example.com,393 School Plaza,Dallas,TX,(469) 882-9965
000799,944-12-9610,Barbara,Simmons,bsimmonsm6@google.cn,678 Barnett Point,Dallas,TX,(469) 415-7518
000800,604-14-8118,Keith,Carroll,kcarrollm7@live.com,46912 Veith Place,Dallas,TX,(214) 821-2150
000801,554-70-7857,Ruby,Bryant,rbryantm8@cpanel.net,0502 Dorton Place,Dallas,TX,(214) 583-2918
000802,968-07-8691,Andrew,Holmes,aholmesm9@photobucket.com,87963 Darwin Plaza,Dallas,TX,(469) 993-5278
000803,848-01-1355,Juan,King,jkingma@delicious.com,3344 Schlimgen Point,Dallas,TX,(972) 823-3180
000804,522-56-7195,Michael,Warren,mwarrenmb@wsj.com,1 Northwestern Road,Dallas,TX,(469) 912-0181
000805,263-49-6672,Randy,Wagner,rwagnermc@tripadvisor.com,28585 Iowa Pass,Richardson,TX,(972) 981-8393
000806,916-96-2811,Jose,Kelly,jkellymd@histats.com,088 Cambridge Trail,Plano,TX,(972) 832-9963
000807,304-18-5907,Peter,Ford,pfordme@scientificamerican.com,3 Boyd Point,Dallas,TX,(214) 978-2937
000808,381-33-3107,Peter,Edwards,pedwardsmf@theguardian.com,70349 Hallows Way,Richardson,TX,(214) 991-6626
000809,211-11-0916,Louise,Peters,lpetersmg@boston.com,79475 Morrow Pass,Dallas,TX,(972) 902-4551
000810,343-23-0976,Stephanie,Perry,sperrymh@webmd.com,08750 Forest Dale Road,Dallas,TX,(214) 899-9004
000811,792-44-4178,Lawrence,Adams,ladamsmi@fema.gov,38 Forster Terrace,Dallas,TX,(214) 925-8866
000812,443-86-2495,Gregory,Hansen,ghansenmj@tinyurl.com,419 Longview Trail,Plano,TX,(469) 899-8651
000813,797-38-1593,Ralph,Medina,rmedinamk@harvard.edu,74 High Crossing Lane,Plano,TX,(469) 953-9007
000814,223-83-8666,Joan,Cooper,jcooperml@dailymotion.com,52 Fremont Road,Dallas,TX,(972) 842-0287
000815,732-67-6734,Karen,George,kgeorgemm@google.com.br,560 Menomonie Plaza,Dallas,TX,(469) 551-3026
000816,639-56-1250,Theresa,Cunningham,tcunninghammn@utexas.edu,8148 Florence Drive,Dallas,TX,(469) 861-6774
000817,506-61-7033,Dennis,Young,dyoungmo@hexun.com,378 Carberry Place,Dallas,TX,(214) 602-2841
000818,789-55-8630,Joseph,Castillo,jcastillomp@nps.gov,4 Surrey Park,Dallas,TX,(469) 916-0494
000819,100-43-9457,Eugene,Fisher,efishermq@github.io,977 Gina Junction,Dallas,TX,(972) 926-5775
000820,622-93-0486,Elizabeth,Medina,emedinamr@sphinn.com,044 Prentice Center,Plano,TX,(972) 969-7931
000821,236-05-8310,Joyce,Arnold,jarnoldms@twitter.com,48306 Moulton Plaza,Plano,TX,(972) 958-8893
000822,294-25-9318,William,Ramos,wramosmt@cafepress.com,20 Red Cloud Trail,Richardson,TX,(972) 950-2750
000823,317-84-2700,Billy,Reed,breedmu@liveinternet.ru,2 Loftsgordon Alley,Dallas,TX,(972) 853-0282
000824,802-25-7025,Scott,Carr,scarrmv@house.gov,9 Memorial Place,Dallas,TX,(469) 979-5007
000825,713-06-2568,Doris,Carpenter,dcarpentermw@163.com,55093 Bunting Pass,Dallas,TX,(972) 413-6984
000826,863-24-4380,Aaron,Kennedy,akennedymx@indiatimes.com,51078 Fisk Parkway,Dallas,TX,(214) 900-5041
000827,957-88-2521,Eugene,George,egeorgemy@yolasite.com,32186 Katie Park,Dallas,TX,(469) 642-7160
000828,971-59-7462,Marilyn,Washington,mwashingtonmz@discuz.net,7639 Northfield Park,Dallas,TX,(214) 531-0051
000829,778-11-2383,Sara,Patterson,spattersonn0@ezinearticles.com,938 Vermont Crossing,Dallas,TX,(972) 871-5585
000830,432-34-5988,Samuel,Henry,shenryn1@arizona.edu,031 Hintze Terrace,Dallas,TX,(972) 825-3266
000831,110-87-5003,Phillip,Kennedy,pkennedyn2@friendfeed.com,41 Leroy Center,Dallas,TX,(469) 995-0612
000832,862-95-3192,Robin,Welch,rwelchn3@a8.net,4 Texas Trail,Dallas,TX,(972) 778-2143
000833,639-00-1709,Rose,Garrett,rgarrettn4@google.pl,2384 Carey Road,Plano,TX,(214) 860-5621
000834,687-26-7934,Rebecca,Meyer,rmeyern5@123-reg.co.uk,38 Nelson Lane,Plano,TX,(972) 936-2303
000835,648-00-1339,Michelle,Reid,mreidn6@dyndns.org,7 Sunbrook Circle,Dallas,TX,(469) 941-2469
000836,362-56-0347,Judy,Rice,jricen7@e-recht24.de,49031 Saint Paul Avenue,Dallas,TX,(469) 935-1827
000837,840-08-8767,Kevin,Carroll,kcarrolln8@pagesperso-orange.fr,36 Jana Lane,Dallas,TX,(469) 964-0568
000838,268-14-2587,Kathryn,Owens,kowensn9@delicious.com,664 Clemons Hill,Dallas,TX,(214) 812-2116
000839,211-96-5010,Brian,Elliott,belliottna@va.gov,28 Graedel Hill,Dallas,TX,(972) 857-3817
000840,704-93-5430,Keith,Alvarez,kalvareznb@google.ca,73423 Mallard Park,Dallas,TX,(972) 985-3882
000841,493-28-0872,Christopher,Hamilton,chamiltonnc@yandex.ru,42 Johnson Place,Plano,TX,(972) 756-5173
000842,104-87-2254,Mildred,Washington,mwashingtonnd@virginia.edu,093 Reindahl Alley,Dallas,TX,(469) 863-5699
000843,634-96-0779,Maria,Patterson,mpattersonne@hibu.com,435 Mockingbird Road,Dallas,TX,(214) 689-4556
000844,973-88-0017,Tammy,Romero,tromeronf@businesswire.com,77652 Quincy Junction,Dallas,TX,(469) 653-5925
000845,701-06-3601,Shirley,Ellis,sellisng@arstechnica.com,74 Boyd Circle,Dallas,TX,(469) 920-2738
000846,948-86-4146,Gerald,Carter,gcarternh@wisc.edu,6829 Aberg Park,Dallas,TX,(214) 994-1903
000847,405-84-3532,Sandra,Diaz,sdiazni@cornell.edu,73631 Arapahoe Plaza,Dallas,TX,(214) 832-3930
000848,648-26-1008,Joyce,Miller,jmillernj@scribd.com,2 Annamark Center,Dallas,TX,(972) 961-6545
000849,401-78-7678,Edward,Freeman,efreemannk@ning.com,415 Di Loreto Plaza,Plano,TX,(972) 989-4204
000850,138-67-0395,Willie,Griffin,wgriffinnl@dagondesign.com,990 Moland Lane,Dallas,TX,(214) 928-8621
000851,576-90-5231,Eugene,Gibson,egibsonnm@google.ca,11945 Delaware Trail,Dallas,TX,(972) 954-4027
000852,511-59-7913,Beverly,Carroll,bcarrollnn@xing.com,7263 Mariners Cove Park,Dallas,TX,(214) 917-7386
000853,427-26-2369,Kevin,Weaver,kweaverno@bbb.org,9746 Springview Lane,Dallas,TX,(469) 942-2408
000854,981-70-0822,Diana,Collins,dcollinsnp@ca.gov,00 Stoughton Pass,Dallas,TX,(972) 804-5134
000855,842-92-6012,Melissa,Cole,mcolenq@nydailynews.com,405 Lukken Park,Dallas,TX,(972) 786-8554
000856,842-48-2817,Willie,Young,wyoungnr@soup.io,4 Bowman Lane,Dallas,TX,(214) 928-4186
000857,420-41-5414,Juan,Nichols,jnicholsns@cloudflare.com,8095 Grover Point,Dallas,TX,(469) 804-3343
000858,571-34-6457,Kevin,Mason,kmasonnt@google.com.hk,132 Huxley Street,Dallas,TX,(469) 973-8133
000859,977-49-7404,Ronald,Owens,rowensnu@github.com,160 Forster Court,Plano,TX,(214) 986-1282
000860,625-10-0221,Howard,Mason,hmasonnv@gov.uk,725 Shelley Street,Dallas,TX,(972) 884-9005
000861,344-02-3503,Scott,Sullivan,ssullivannw@cornell.edu,3 Dottie Way,Dallas,TX,(972) 881-9868
000862,217-52-9370,Margaret,Payne,mpaynenx@mashable.com,706 Spenser Drive,Plano,TX,(972) 760-0404
000863,676-28-3465,Ashley,Dixon,adixonny@eventbrite.com,07278 Arizona Road,Dallas,TX,(972) 818-9660
000864,927-53-6184,Marilyn,Vasquez,mvasqueznz@hexun.com,85753 Sommers Parkway,Plano,TX,(214) 435-8942
000865,369-13-2148,Amanda,Olson,aolsono0@github.io,2 Thompson Hill,Dallas,TX,(972) 979-2331
000866,275-69-7155,Heather,Fernandez,hfernandezo1@theguardian.com,18106 Beilfuss Way,Dallas,TX,(469) 854-7653
000867,993-11-4983,Stephanie,Diaz,sdiazo2@example.com,52331 Monica Drive,Dallas,TX,(214) 912-8213
000868,867-83-7085,Roy,Kelly,rkellyo3@technorati.com,7053 Old Gate Alley,Dallas,TX,(469) 974-8373
000869,466-06-1410,Scott,Chavez,schavezo4@php.net,3 Kingsford Avenue,Dallas,TX,(469) 963-3427
000870,632-92-1297,Donna,Mitchell,dmitchello5@blogtalkradio.com,4741 Kenwood Junction,Dallas,TX,(214) 951-3865
000871,585-80-2785,Louis,Harris,lharriso6@illinois.edu,2747 Rieder Plaza,Dallas,TX,(214) 886-3021
000872,512-23-3537,Henry,Hansen,hhanseno7@cbslocal.com,2900 Surrey Street,Dallas,TX,(214) 964-2420
000873,772-62-3065,Kathryn,Porter,kportero8@soup.io,53 Dapin Parkway,Dallas,TX,(972) 844-8439
000874,190-88-7543,Anne,Johnson,ajohnsono9@last.fm,20069 Melvin Center,Dallas,TX,(214) 975-6054
000875,329-18-4164,Todd,Taylor,ttayloroa@ted.com,97238 Onsgard Trail,Dallas,TX,(214) 937-3241
000876,654-19-5151,Julia,Fernandez,jfernandezob@tamu.edu,34619 Marcy Crossing,Dallas,TX,(972) 966-9920
000877,591-02-8727,Craig,Robinson,crobinsonoc@oaic.gov.au,30 Sutteridge Point,Dallas,TX,(469) 919-0979
000878,299-37-0401,Nancy,Shaw,nshawod@mapquest.com,5834 Village Crossing,Dallas,TX,(214) 788-2516
000879,939-58-3158,Lawrence,Nichols,lnicholsoe@uol.com.br,6423 Roth Park,Dallas,TX,(214) 925-2580
000880,170-66-3784,Jimmy,Diaz,jdiazof@independent.co.uk,0301 Oriole Lane,Dallas,TX,(469) 473-0533
000881,740-80-4320,Bobby,Mcdonald,bmcdonaldog@technorati.com,3 Scoville Drive,Dallas,TX,(972) 527-7603
000882,953-63-4906,Jesse,Cunningham,jcunninghamoh@yolasite.com,790 Marquette Hill,Dallas,TX,(214) 936-7626
000883,200-60-0963,Gregory,Andrews,gandrewsoi@xinhuanet.com,361 Sachs Crossing,Dallas,TX,(214) 973-0715
000884,499-38-8289,Tina,Rogers,trogersoj@mysql.com,79 Forest Dale Road,Dallas,TX,(469) 984-9258
000885,312-18-8191,Henry,Allen,hallenok@bbb.org,9 Pennsylvania Street,Dallas,TX,(972) 939-2237
000886,215-99-1270,Carolyn,Gordon,cgordonol@icq.com,6 Fuller Avenue,Richardson,TX,(469) 829-5466
000887,154-27-1288,Louise,Hudson,lhudsonom@pinterest.com,04798 Loeprich Alley,Dallas,TX,(972) 955-8037
000888,772-41-5591,John,Vasquez,jvasquezon@mlb.com,52 Darwin Park,Dallas,TX,(469) 978-1123
000889,888-06-1132,Kathryn,Graham,kgrahamoo@dailymotion.com,45 Everett Pass,Dallas,TX,(469) 921-3046
000890,992-83-5801,Patricia,Perkins,pperkinsop@deliciousdays.com,0 Heffernan Drive,Dallas,TX,(972) 971-8654
000891,252-88-4550,Henry,Arnold,harnoldoq@prlog.org,47 Becker Lane,Plano,TX,(972) 470-2949
000892,534-51-9042,Ruby,Bishop,rbishopor@biblegateway.com,5 International Point,Dallas,TX,(972) 944-4239
000893,292-84-4463,Phyllis,Dunn,pdunnos@home.pl,8316 Calypso Court,Dallas,TX,(214) 835-0529
000894,144-30-3599,Louise,Wood,lwoodot@ask.com,000 Mccormick Plaza,Dallas,TX,(972) 914-5297
000895,895-44-1229,Tammy,Shaw,tshawou@pagesperso-orange.fr,0 Carey Parkway,Richardson,TX,(214) 905-2378
000896,955-03-9519,Eric,Rivera,eriveraov@arstechnica.com,466 Tony Circle,Dallas,TX,(972) 932-9658
000897,743-94-0520,Joe,Williams,jwilliamsow@skyrock.com,748 Schlimgen Avenue,Dallas,TX,(972) 852-8033
000898,140-10-0901,Aaron,Snyder,asnyderox@toplist.cz,1 American Ash Avenue,Dallas,TX,(214) 936-9743
000899,210-06-2715,Louis,Clark,lclarkoy@blinklist.com,4284 Norway Maple Lane,Dallas,TX,(972) 872-7570
000900,357-34-7649,Sarah,Chavez,schavezoz@howstuffworks.com,3 Schmedeman Court,Dallas,TX,(972) 524-1820
000901,427-38-8763,Robin,Ellis,rellisp0@posterous.com,67445 Dunning Lane,Richardson,TX,(972) 866-1973
000902,315-41-8687,Jessica,Davis,jdavisp1@t-online.de,12957 Independence Drive,Plano,TX,(972) 842-5888
000903,829-97-1624,Lillian,Stone,lstonep2@goo.ne.jp,919 Judy Way,Dallas,TX,(972) 851-2126
000904,347-88-9624,Ruth,Stanley,rstanleyp3@trellian.com,1 Warrior Pass,Dallas,TX,(972) 911-0228
000905,840-39-1806,Jesse,Duncan,jduncanp4@foxnews.com,7787 Haas Hill,Dallas,TX,(972) 683-9815
000906,637-53-4929,Lori,Hunter,lhunterp5@about.com,39 Swallow Place,Richardson,TX,(469) 642-4787
000907,136-04-3559,Tammy,Robinson,trobinsonp6@economist.com,0378 Longview Plaza,Dallas,TX,(469) 933-2520
000908,713-24-6764,James,Dunn,jdunnp7@meetup.com,2 Luster Hill,Dallas,TX,(214) 849-9192
000909,414-66-2512,Earl,White,ewhitep8@slashdot.org,3645 Ramsey Place,Dallas,TX,(972) 936-8134
000910,613-21-6220,Jeremy,Rogers,jrogersp9@squarespace.com,91121 Moulton Plaza,Plano,TX,(469) 842-8404
000911,733-94-6852,Earl,Chapman,echapmanpa@telegraph.co.uk,45 Moulton Junction,Dallas,TX,(972) 997-7819
000912,606-73-0914,Dorothy,Miller,dmillerpb@wp.com,52 Hazelcrest Crossing,Dallas,TX,(214) 803-3680
000913,154-97-3290,Anna,Lopez,alopezpc@google.pl,49 3rd Terrace,Dallas,TX,(214) 959-4100
000914,369-65-4229,Gary,Fuller,gfullerpd@shop-pro.jp,59 Macpherson Crossing,Dallas,TX,(214) 968-9302
000915,507-57-2316,Angela,Nguyen,anguyenpe@163.com,45542 Rutledge Avenue,Dallas,TX,(214) 978-0162
000916,325-17-0156,Paula,Frazier,pfrazierpf@jigsy.com,916 Maywood Court,Plano,TX,(214) 934-1206
000917,866-10-0944,Daniel,Johnson,djohnsonpg@is.gd,76702 Caliangt Circle,Dallas,TX,(469) 828-8109
000918,650-99-3347,Raymond,Burke,rburkeph@arstechnica.com,3001 Corscot Drive,Dallas,TX,(469) 749-0551
000919,417-25-3686,Anna,Flores,aflorespi@mozilla.com,730 Vera Avenue,Dallas,TX,(214) 820-9633
000920,128-67-5708,Kathleen,Reed,kreedpj@craigslist.org,89 Tomscot Street,Dallas,TX,(214) 941-0107
000921,412-58-0911,Linda,Garcia,lgarciapk@imageshack.us,1 Luster Street,Dallas,TX,(972) 910-1369
000922,312-56-2889,Kevin,Turner,kturnerpl@washington.edu,3034 Kipling Drive,Dallas,TX,(214) 835-8339
000923,122-17-0911,Juan,Dunn,jdunnpm@wikia.com,18 Oak Drive,Dallas,TX,(214) 857-0040
000924,548-70-2653,Arthur,Lane,alanepn@cargocollective.com,79797 Fieldstone Circle,Richardson,TX,(214) 848-0150
000925,922-65-9466,Deborah,Medina,dmedinapo@sfgate.com,4 Cambridge Park,Dallas,TX,(972) 679-5235
000926,380-74-6132,Lisa,Castillo,lcastillopp@businessweek.com,856 Mitchell Junction,Dallas,TX,(469) 996-6025
000927,148-76-3309,Louis,Rivera,lriverapq@discovery.com,210 Sunfield Trail,Dallas,TX,(469) 940-0843
000928,648-41-9002,Catherine,Hunt,chuntpr@mashable.com,241 Gulseth Crossing,Dallas,TX,(469) 929-6433
000929,253-50-1861,Bobby,Gomez,bgomezps@parallels.com,53 Kipling Place,Richardson,TX,(469) 747-8105
000930,237-32-1975,Johnny,Jenkins,jjenkinspt@homestead.com,6757 Buena Vista Park,Dallas,TX,(214) 711-0231
000931,304-04-2180,Richard,Sanchez,rsanchezpu@bandcamp.com,6 Bonner Road,Dallas,TX,(214) 789-8437
000932,416-32-8500,Fred,Peterson,fpetersonpv@surveymonkey.com,723 Emmet Avenue,Dallas,TX,(214) 929-0915
000933,731-41-2008,Gerald,Jacobs,gjacobspw@statcounter.com,539 Pond Point,Richardson,TX,(972) 929-5037
000934,680-37-1075,Teresa,Perry,tperrypx@google.nl,67 Porter Center,Dallas,TX,(469) 937-7720
000935,358-57-1779,Joyce,Watson,jwatsonpy@businessinsider.com,033 Fieldstone Pass,Dallas,TX,(469) 976-1235
000936,399-11-8418,Antonio,Crawford,acrawfordpz@taobao.com,94232 Hudson Drive,Dallas,TX,(469) 818-0847
000937,263-34-5944,Shawn,Hanson,shansonq0@people.com.cn,88 Prairieview Terrace,Dallas,TX,(469) 712-3956
000938,871-14-1691,Sandra,Hayes,shayesq1@msu.edu,8 Morning Parkway,Dallas,TX,(972) 901-1242
000939,651-25-8004,Jimmy,Garrett,jgarrettq2@etsy.com,43 Clyde Gallagher Terrace,Dallas,TX,(972) 984-4957
000940,484-44-5282,Antonio,Lawrence,alawrenceq3@tripod.com,08482 Merry Alley,Dallas,TX,(972) 843-3635
000941,983-14-0730,Marie,Medina,mmedinaq4@biglobe.ne.jp,7338 Pierstorff Circle,Richardson,TX,(469) 810-7312
000942,716-92-1888,Juan,Allen,jallenq5@themeforest.net,5 Victoria Alley,Dallas,TX,(469) 979-2886
000943,309-24-3620,Gerald,Porter,gporterq6@mozilla.com,11934 Upham Point,Dallas,TX,(214) 706-8751
000944,776-60-4123,Todd,Brooks,tbrooksq7@tuttocitta.it,7838 Moland Plaza,Dallas,TX,(469) 781-0440
000945,679-76-7522,Jean,Rice,jriceq8@chron.com,48712 Mockingbird Road,Dallas,TX,(469) 935-5450
000946,729-59-6353,Jack,Day,jdayq9@jugem.jp,2107 Kipling Plaza,Dallas,TX,(214) 913-6444
000947,628-48-3788,Amy,Woods,awoodsqa@hatena.ne.jp,5 Shoshone Crossing,Dallas,TX,(469) 773-4866
000948,785-13-2932,Raymond,Greene,rgreeneqb@ihg.com,55619 Surrey Plaza,Dallas,TX,(469) 983-7473
000949,101-97-8660,Arthur,Wright,awrightqc@spiegel.de,158 John Wall Street,Dallas,TX,(214) 941-5089
000950,946-46-6223,Daniel,Hunt,dhuntqd@bizjournals.com,13709 Mariners Cove Center,Richardson,TX,(972) 915-2723
000951,481-28-6748,Julie,Hamilton,jhamiltonqe@time.com,6209 Ludington Pass,Dallas,TX,(972) 812-7230
000952,864-59-5290,Diana,Garza,dgarzaqf@free.fr,83139 Warrior Parkway,Dallas,TX,(972) 872-4808
000953,370-11-1197,Walter,Cruz,wcruzqg@vkontakte.ru,463 Hanover Junction,Dallas,TX,(972) 836-9111
000954,850-05-9666,Mildred,Ramirez,mramirezqh@dropbox.com,7 Anderson Lane,Dallas,TX,(972) 826-9318
000955,475-45-2130,Jean,Gilbert,jgilbertqi@webeden.co.uk,769 Colorado Center,Dallas,TX,(469) 850-6077
000956,704-23-0250,Frances,Porter,fporterqj@dion.ne.jp,16 Farwell Park,Dallas,TX,(214) 958-6327
000957,847-54-7019,Jane,Carter,jcarterqk@so-net.ne.jp,746 East Court,Dallas,TX,(469) 859-2686
000958,316-40-2743,Johnny,Perry,jperryql@twitpic.com,5091 Melrose Court,Dallas,TX,(469) 783-2541
000959,973-44-7229,Donald,Powell,dpowellqm@marriott.com,1901 Laurel Pass,Dallas,TX,(972) 917-5123
000960,597-54-1860,Russell,Morales,rmoralesqn@addtoany.com,6 Continental Hill,Dallas,TX,(469) 833-1681
000961,853-02-8515,Earl,Smith,esmithqo@hostgator.com,73 Towne Hill,Dallas,TX,(469) 919-5433
000962,961-10-2631,Jane,Phillips,jphillipsqp@xrea.com,9 Northland Place,Dallas,TX,(469) 981-5694
000963,340-38-2920,Ruby,Black,rblackqq@fotki.com,01580 Main Alley,Dallas,TX,(214) 839-6582
000964,650-36-9913,Teresa,Fernandez,tfernandezqr@google.com.au,50 Arrowood Circle,Richardson,TX,(972) 918-7531
000965,940-61-5781,Jacqueline,Hamilton,jhamiltonqs@washingtonpost.com,792 Burrows Lane,Dallas,TX,(972) 785-5033
000966,136-33-6897,Anthony,Elliott,aelliottqt@uiuc.edu,82 Harper Lane,Dallas,TX,(972) 942-6006
000967,780-32-3564,Louise,Henderson,lhendersonqu@mashable.com,58 Southridge Way,Dallas,TX,(469) 897-6813
000968,174-47-0894,Lillian,Cruz,lcruzqv@wordpress.org,1202 Nevada Crossing,Dallas,TX,(469) 577-0003
000969,235-78-1401,David,Davis,ddavisqw@angelfire.com,6266 Debs Place,Dallas,TX,(214) 864-7187
000970,919-55-8047,Janice,Price,jpriceqx@sina.com.cn,269 Farragut Trail,Dallas,TX,(214) 941-9869
000971,687-90-1452,Donald,Palmer,dpalmerqy@naver.com,12 5th Junction,Richardson,TX,(469) 677-4531
000972,535-61-9932,Donald,Washington,dwashingtonqz@amazon.co.uk,978 Moose Plaza,Dallas,TX,(972) 844-7608
000973,328-03-3548,Jessica,Jones,jjonesr0@wix.com,37 Melrose Court,Richardson,TX,(972) 906-0660
000974,608-66-0102,Amy,Coleman,acolemanr1@microsoft.com,2562 Pond Junction,Dallas,TX,(214) 954-7729
000975,894-17-1936,Marie,Ryan,mryanr2@comcast.net,4287 Canary Center,Dallas,TX,(469) 924-4203
000976,882-93-4808,Gloria,Barnes,gbarnesr3@ask.com,149 Columbus Avenue,Dallas,TX,(214) 797-0275
000977,328-50-2075,Charles,Lawrence,clawrencer4@topsy.com,7 Randy Terrace,Dallas,TX,(972) 813-8851
000978,179-35-6366,Patricia,Hill,phillr5@friendfeed.com,2506 Ridgeway Drive,Richardson,TX,(469) 932-9594
000979,223-32-8250,Ryan,Young,ryoungr6@jalbum.net,40252 Lyons Terrace,Dallas,TX,(214) 742-4030
000980,504-76-4400,Willie,Woods,wwoodsr7@barnesandnoble.com,99 Sunbrook Circle,Dallas,TX,(214) 810-2688
000981,131-82-6807,Cynthia,Webb,cwebbr8@earthlink.net,6016 Leroy Way,Dallas,TX,(214) 975-2196
000982,470-80-0995,Joyce,Cox,jcoxr9@yellowpages.com,5027 Meadow Vale Way,Richardson,TX,(972) 832-4867
000983,210-87-6619,Debra,Kim,dkimra@theatlantic.com,303 Bashford Road,Plano,TX,(469) 747-4090
000984,757-76-0049,Louise,Harrison,lharrisonrb@is.gd,13 American Ash Place,Richardson,TX,(214) 897-8864
000985,641-17-6232,Douglas,Day,ddayrc@tiny.cc,264 Packers Place,Dallas,TX,(469) 868-2443
000986,690-30-6386,Jane,Hughes,jhughesrd@dedecms.com,05 Tony Junction,Dallas,TX,(972) 963-9605
000987,405-00-7979,Joan,Wagner,jwagnerre@indiegogo.com,76837 Heath Trail,Dallas,TX,(972) 841-3593
000988,697-50-5730,Joyce,Gibson,jgibsonrf@trellian.com,0605 Old Shore Avenue,Dallas,TX,(469) 840-4916
000989,659-02-3329,Paula,Harrison,pharrisonrg@ox.ac.uk,7 Swallow Pass,Dallas,TX,(469) 622-5174
000990,647-36-9732,Bobby,Dunn,bdunnrh@intel.com,785 Graedel Place,Plano,TX,(972) 923-3432
000991,659-27-5045,Bonnie,Ross,brossri@tiny.cc,81741 Hallows Plaza,Dallas,TX,(214) 930-4665
000992,923-61-2260,Dennis,Wheeler,dwheelerrj@gov.uk,8321 Mendota Crossing,Dallas,TX,(214) 932-7040
000993,646-30-1413,Jason,Gutierrez,jgutierrezrk@ameblo.jp,7 Pearson Way,Dallas,TX,(972) 990-8290
000994,968-11-7539,Diana,Spencer,dspencerrl@gravatar.com,467 Menomonie Alley,Richardson,TX,(972) 850-9653
000995,784-77-6035,Jessica,Thompson,jthompsonrm@abc.net.au,73 Mandrake Center,Dallas,TX,(972) 728-3395
000996,468-32-4617,Sean,Pierce,spiercern@engadget.com,07 Laurel Park,Dallas,TX,(469) 987-3050
000997,647-49-5762,Alan,Stewart,astewartro@indiegogo.com,74154 Drewry Street,Dallas,TX,(469) 944-5061
000998,345-58-9435,Janice,Robinson,jrobinsonrp@springer.com,7791 Maple Hill,Dallas,TX,(972) 855-6553
000999,504-57-5850,Barbara,Carroll,bcarrollrq@vinaora.com,5989 4th Avenue,Dallas,TX,(214) 999-2405
001000,362-54-6087,Lori,Mccoy,lmccoyrr@mapquest.com,71 Evergreen Crossing,Dallas,TX,(972) 975-7324
